season,player_name,team,position_final,production_score,total_epa,cap_number,cost_tier,player_surplus_gap,surplus_bucket,draft_year,draft_round,draft_pick,draft_capital_bucket,years_since_drafted,estimated_contract_stage,is_likely_rookie_contract,surplus_context,overall_confidence
2021,Jalen Hurts,PHI,QB,164.8742865767848,56.73428657678481,1.369358,Low cost,24.0,elite_surplus,2020.0,2.0,53.0,round_2,1.0,rookie_contract,True,rookie_contract_surplus,high
2021,Justin Herbert,LAC,QB,246.25680279020617,133.76680279020613,6.040626,Mid cost,18.0,strong_surplus,2020.0,1.0,6.0,round_1,1.0,rookie_contract,True,rookie_contract_surplus,high
2021,Patrick Mahomes,KC,QB,267.55589782933174,153.11589782933171,7.433381,Mid cost,15.0,strong_surplus,2017.0,1.0,10.0,round_1,4.0,possible_fifth_year_option,True,rookie_contract_surplus,high
2021,Mac Jones,NE,QB,108.13095022079725,52.670950220797245,2.83388,Low cost,15.0,strong_surplus,2021.0,1.0,15.0,round_1,0.0,rookie_contract,True,rookie_contract_surplus,high
2021,Josh Allen,BUF,QB,272.4125754276605,136.6925754276605,10.202337,High cost,14.0,strong_surplus,2018.0,1.0,7.0,round_1,3.0,rookie_contract,True,rookie_contract_surplus,high
2021,Lamar Jackson,BAL,QB,103.62181298235944,33.95181298235944,3.013708,Low cost,13.0,strong_surplus,2018.0,1.0,32.0,round_1,3.0,rookie_contract,True,rookie_contract_surplus,high
2021,Teddy Bridgewater,DEN,QB,114.83021028225284,58.760210282252835,4.4155,Mid cost,13.0,strong_surplus,2014.0,1.0,32.0,round_1,7.0,second_contract_or_later,False,veteran_positive_value,high
2021,Tom Brady,TB,QB,268.32836226050426,148.61836226050426,10.545588,High cost,12.0,strong_surplus,2000.0,6.0,199.0,rounds_6_7,21.0,second_contract_or_later,False,veteran_positive_value,high
2021,Jameis Winston,NO,QB,80.94106002215935,38.69106002215935,2.5,Low cost,11.0,strong_surplus,2015.0,1.0,1.0,round_1,6.0,second_contract_or_later,False,veteran_positive_value,high
2021,Joe Burrow,CIN,QB,188.38153431457368,103.12153431457368,8.225035,Mid cost,10.0,strong_surplus,2020.0,1.0,1.0,round_1,1.0,rookie_contract,True,rookie_contract_surplus,high
2021,Damien Harris,NE,RB,109.99397894930628,7.443978949306262,1.071534,Low cost,35.0,elite_surplus,2019.0,3.0,87.0,round_3,2.0,rookie_contract,True,rookie_contract_surplus,high
2021,Tony Pollard,DAL,RB,88.31753346893544,19.767533468935422,1.017582,Low cost,33.0,elite_surplus,2019.0,4.0,128.0,rounds_4_5,2.0,rookie_contract,True,rookie_contract_surplus,high
2021,Elijah Mitchell,SF,RB,66.36638841605983,-11.383611583940162,0.705893,Low cost,32.0,elite_surplus,2021.0,6.0,194.0,rounds_6_7,0.0,rookie_contract,True,rookie_contract_surplus,high
2021,James Robinson,JAX,RB,66.45900719334466,-14.74099280665535,0.781666,Low cost,31.0,elite_surplus,,,,undrafted_or_unmatched,,undrafted_or_unmatched,False,veteran_positive_value,high
2021,Jonathan Taylor,IND,RB,217.25242240792136,38.702422407921354,1.779353,Low cost,28.0,elite_surplus,2020.0,2.0,41.0,round_2,1.0,rookie_contract,True,rookie_contract_surplus,high
2021,James Conner,ARI,RB,141.07637287104666,21.47637287104667,1.75,Low cost,27.0,elite_surplus,2017.0,3.0,105.0,round_3,4.0,second_contract_or_later,False,veteran_positive_value,high
2021,AJ Dillon,GB,RB,108.49296670556652,23.192966705566505,1.201325,Low cost,27.0,elite_surplus,2020.0,2.0,62.0,round_2,1.0,rookie_contract,True,rookie_contract_surplus,high
2021,Kenneth Gainwell,PHI,RB,60.614565311366285,7.164565311366286,0.743881,Low cost,27.0,elite_surplus,2021.0,5.0,150.0,rounds_4_5,0.0,rookie_contract,True,rookie_contract_surplus,high
2021,Devonta Freeman,BAL,RB,63.00042632073708,-1.7995736792629249,0.802778,Low cost,26.0,elite_surplus,2014.0,4.0,103.0,rounds_4_5,7.0,second_contract_or_later,False,veteran_positive_value,high
2021,Darrel Williams,KC,RB,111.7968737673658,25.54687376736582,1.594118,Low cost,26.0,elite_surplus,,,,undrafted_or_unmatched,,undrafted_or_unmatched,False,veteran_positive_value,high
2021,Dawson Knox,BUF,TE,103.04393861678057,34.24393861678055,1.085545,Low cost,22.0,elite_surplus,2019.0,3.0,96.0,round_3,2.0,rookie_contract,True,rookie_contract_surplus,high
2021,Dalton Schultz,DAL,TE,130.24208383688972,46.342083836889714,2.296089,Low cost,22.0,elite_surplus,2018.0,4.0,137.0,rounds_4_5,3.0,rookie_contract,True,rookie_contract_surplus,high
2021,Mark Andrews,BAL,TE,176.77933045672432,54.979330456724334,3.161776,Low cost,19.0,strong_surplus,2018.0,3.0,86.0,round_3,3.0,rookie_contract,True,rookie_contract_surplus,high
2021,Pat Freiermuth,PIT,TE,86.60093384163108,25.75093384163108,1.096033,Low cost,19.0,strong_surplus,2021.0,2.0,55.0,round_2,0.0,rookie_contract,True,rookie_contract_surplus,high
2021,Tyler Conklin,MIN,TE,65.24053309152892,11.340533091528917,0.990258,Low cost,17.0,strong_surplus,2018.0,5.0,157.0,rounds_4_5,3.0,rookie_contract,True,rookie_contract_surplus,high
2021,Rob Gronkowski,TB,TE,104.56432576561755,32.71432576561756,3.0,Low cost,15.5,strong_surplus,2010.0,2.0,42.0,round_2,11.0,second_contract_or_later,False,veteran_positive_value,high
2021,Mike Gesicki,MIA,TE,81.61856412887369,18.368564128873683,2.103794,Low cost,15.0,strong_surplus,2018.0,2.0,42.0,round_2,3.0,rookie_contract,True,rookie_contract_surplus,high
2021,Dallas Goedert,PHI,TE,120.88343191915098,53.38343191915097,3.687966,Low cost,13.0,strong_surplus,2018.0,2.0,49.0,round_2,3.0,rookie_contract,True,rookie_contract_surplus,high
2021,Albert Okwuegbunam,DEN,TE,44.349486835155986,13.59948683515599,0.910595,Low cost,11.0,strong_surplus,2020.0,4.0,118.0,rounds_4_5,1.0,rookie_contract,True,rookie_contract_surplus,high
2021,George Kittle,SF,TE,108.56331715524844,26.31331715524842,5.191928,Mid cost,9.0,positive_surplus,2017.0,5.0,146.0,rounds_4_5,4.0,second_contract_or_later,False,positive_value,high
2021,Amon-Ra St. Brown,DET,WR,147.47833435664032,58.328334356640326,0.856315,Low cost,72.0,elite_surplus,2021.0,4.0,112.0,rounds_4_5,0.0,rookie_contract,True,rookie_contract_surplus,high
2021,Hunter Renfrow,LV,WR,153.6504707485502,48.85047074855018,0.928987,Low cost,71.0,elite_surplus,2019.0,5.0,149.0,rounds_4_5,2.0,rookie_contract,True,rookie_contract_surplus,high
2021,Marquez Callaway,NO,WR,92.36885519003948,27.968855190039477,0.783333,Low cost,58.0,elite_surplus,,,,undrafted_or_unmatched,,undrafted_or_unmatched,False,veteran_positive_value,high
2021,Allen Lazard,GB,WR,100.59434218231031,39.344342182310314,0.85,Low cost,56.0,elite_surplus,,,,undrafted_or_unmatched,,undrafted_or_unmatched,False,veteran_positive_value,high
2021,Diontae Johnson,PIT,WR,137.43647980532978,25.986479805329775,1.167535,Low cost,54.0,elite_surplus,2019.0,3.0,66.0,round_3,2.0,rookie_contract,True,rookie_contract_surplus,high
2021,Deebo Samuel Sr.,SF,WR,230.16766970101935,78.17766970101938,2.099279,Low cost,54.0,elite_surplus,2019.0,2.0,36.0,round_2,2.0,rookie_contract,True,rookie_contract_surplus,high
2021,DK Metcalf,SEA,WR,132.2868501506222,28.886850150622195,1.250741,Low cost,48.0,elite_surplus,2019.0,2.0,64.0,round_2,2.0,rookie_contract,True,rookie_contract_surplus,high
2021,Quez Watkins,PHI,WR,76.90073919150083,30.65073919150084,0.822415,Low cost,47.0,elite_surplus,2020.0,6.0,200.0,rounds_6_7,1.0,rookie_contract,True,rookie_contract_surplus,high
2021,Darnell Mooney,CHI,WR,91.1072624444184,1.5072624444184164,0.850512,Low cost,46.0,elite_surplus,2020.0,5.0,173.0,rounds_4_5,1.0,rookie_contract,True,rookie_contract_surplus,high
2021,Tee Higgins,CIN,WR,149.12817947462153,58.078179474621535,1.97427,Low cost,46.0,elite_surplus,2020.0,2.0,33.0,round_2,1.0,rookie_contract,True,rookie_contract_surplus,high
2022,Jalen Hurts,PHI,QB,257.5234299624754,121.0134299624754,1.64323,Low cost,33.0,elite_surplus,2020.0,2.0,53.0,round_2,2.0,rookie_contract,True,rookie_contract_surplus,high
2022,Geno Smith,SEA,QB,118.8373940963122,28.217394096312184,3.5,Low cost,20.0,elite_surplus,2013.0,2.0,39.0,round_2,9.0,second_contract_or_later,False,veteran_positive_value,high
2022,Brock Purdy,SF,QB,58.72111877245214,26.08111877245213,0.724253,Low cost,18.0,strong_surplus,2022.0,7.0,262.0,rounds_6_7,0.0,rookie_contract,True,rookie_contract_surplus,high
2022,Trevor Lawrence,JAX,QB,176.5541878680687,78.62418786806869,8.362156,Mid cost,16.0,strong_surplus,2021.0,1.0,1.0,round_1,1.0,rookie_contract,True,rookie_contract_surplus,high
2022,Joe Burrow,CIN,QB,200.29824740816363,91.94824740816364,9.870037,Mid cost,14.0,strong_surplus,2020.0,1.0,1.0,round_1,2.0,rookie_contract,True,rookie_contract_surplus,high
2022,Tua Tagovailoa,MIA,QB,154.9867511890602,87.25675118906018,8.256937,Mid cost,14.0,strong_surplus,2020.0,1.0,5.0,round_1,2.0,rookie_contract,True,rookie_contract_surplus,high
2022,Daniel Jones,NYG,QB,157.83464483283862,60.384644832838624,8.365836,Mid cost,13.0,strong_surplus,2019.0,1.0,6.0,round_1,3.0,rookie_contract,True,rookie_contract_surplus,high
2022,Justin Fields,CHI,QB,99.44367863324936,-2.376321366750659,4.28908,Mid cost,12.0,strong_surplus,2021.0,1.0,11.0,round_1,1.0,rookie_contract,True,rookie_contract_surplus,high
2022,Josh Allen,BUF,QB,277.8052082930475,142.12520829304745,16.372281,High cost,11.0,strong_surplus,2018.0,1.0,7.0,round_1,4.0,possible_fifth_year_option,True,rookie_contract_surplus,high
2022,Justin Herbert,LAC,QB,107.15445716992386,31.91445716992387,7.248751,Mid cost,11.0,strong_surplus,2020.0,1.0,6.0,round_1,2.0,rookie_contract,True,rookie_contract_surplus,high
2022,Christian McCaffrey,SF,RB,135.05186249853563,29.21186249853561,0.69,Low cost,50.0,elite_surplus,2017.0,1.0,8.0,round_1,5.0,second_contract_or_later,False,veteran_positive_value,high
2022,Tyler Allgeier,ATL,RB,93.16789885798342,18.46789885798342,0.788472,Low cost,37.0,elite_surplus,2022.0,5.0,151.0,rounds_4_5,0.0,rookie_contract,True,rookie_contract_surplus,high
2022,Tony Pollard,DAL,RB,125.41185955948995,10.761859559489976,1.132582,Low cost,32.0,elite_surplus,2019.0,4.0,128.0,rounds_4_5,3.0,rookie_contract,True,rookie_contract_surplus,high
2022,Jerick McKinnon,KC,RB,97.84096081309198,13.69096081309198,1.0475,Low cost,29.5,elite_surplus,2014.0,3.0,96.0,round_3,8.0,second_contract_or_later,False,veteran_positive_value,high
2022,Rhamondre Stevenson,NE,RB,86.95510883853761,-21.344891161462385,1.012265,Low cost,29.0,elite_surplus,2021.0,4.0,120.0,rounds_4_5,1.0,rookie_contract,True,rookie_contract_surplus,high
2022,Isiah Pacheco,KC,RB,67.72539136382031,1.4753913638202985,0.724777,Low cost,27.0,elite_surplus,2022.0,7.0,251.0,rounds_6_7,0.0,rookie_contract,True,rookie_contract_surplus,high
2022,Miles Sanders,PHI,RB,106.76362264232895,1.4136226423289635,1.705528,Low cost,22.0,elite_surplus,2019.0,2.0,53.0,round_2,3.0,rookie_contract,True,rookie_contract_surplus,high
2022,Jaylen Warren,PIT,RB,58.651363331154016,19.001363331154018,0.709,Low cost,20.0,elite_surplus,,,,undrafted_or_unmatched,,undrafted_or_unmatched,False,veteran_positive_value,high
2022,Khalil Herbert,CHI,RB,56.95811823012483,0.3081182301248284,0.754899,Low cost,16.0,strong_surplus,2021.0,6.0,217.0,rounds_6_7,1.0,rookie_contract,True,rookie_contract_surplus,high
2022,AJ Dillon,GB,RB,73.24950651034374,-3.55049348965627,1.44159,Low cost,13.0,strong_surplus,2020.0,2.0,62.0,round_2,2.0,rookie_contract,True,rookie_contract_surplus,high
2022,Jordan Akins,HOU,TE,70.46381015403335,21.46381015403336,0.646389,Low cost,23.0,elite_surplus,2018.0,3.0,98.0,round_3,4.0,second_contract_or_later,False,veteran_positive_value,high
2022,Juwan Johnson,NO,TE,72.67230264662176,15.772302646621752,0.895,Low cost,20.0,elite_surplus,,,,undrafted_or_unmatched,,undrafted_or_unmatched,False,veteran_positive_value,high
2022,T.J. Hockenson,MIN,TE,56.20297284579084,6.252972845790833,0.536111,Low cost,16.0,strong_surplus,2019.0,1.0,8.0,round_1,3.0,rookie_contract,True,rookie_contract_surplus,high
2022,Chig Okonkwo,TEN,TE,60.26169642868668,20.66169642868668,0.831084,Low cost,15.5,strong_surplus,2022.0,4.0,143.0,rounds_4_5,0.0,rookie_contract,True,rookie_contract_surplus,high
2022,Cole Kmet,CHI,TE,73.5202807531176,12.370280753117598,2.066669,Low cost,15.0,strong_surplus,2020.0,2.0,43.0,round_2,2.0,rookie_contract,True,rookie_contract_surplus,high
2022,Dawson Knox,BUF,TE,76.31416198347318,20.464161983473176,2.600545,Low cost,14.0,strong_surplus,2019.0,3.0,96.0,round_3,3.0,rookie_contract,True,rookie_contract_surplus,high
2022,Pat Freiermuth,PIT,TE,67.2404478765043,8.890447876504298,1.370041,Low cost,12.0,strong_surplus,2021.0,2.0,55.0,round_2,1.0,rookie_contract,True,rookie_contract_surplus,high
2022,David Njoku,CLE,TE,79.67499826220431,22.174998262204305,3.328,Low cost,11.0,strong_surplus,2017.0,1.0,29.0,round_1,5.0,second_contract_or_later,False,veteran_positive_value,high
2022,Noah Fant,SEA,TE,67.89036410652693,19.090364106526938,2.211918,Low cost,11.0,strong_surplus,2019.0,1.0,20.0,round_1,3.0,rookie_contract,True,rookie_contract_surplus,high
2022,Dallas Goedert,PHI,TE,103.03798707281716,45.187987072817165,3.721732,Low cost,9.0,positive_surplus,2018.0,2.0,49.0,round_2,4.0,second_contract_or_later,False,positive_value,high
2022,Amon-Ra St. Brown,DET,WR,169.34701008063655,62.04701008063653,1.021315,Low cost,75.0,elite_surplus,2021.0,4.0,112.0,rounds_4_5,1.0,rookie_contract,True,rookie_contract_surplus,high
2022,Rashid Shaheed,NO,WR,78.88843674094575,35.63843674094574,0.509167,Low cost,52.0,elite_surplus,,,,undrafted_or_unmatched,,undrafted_or_unmatched,False,veteran_positive_value,high
2022,George Pickens,PIT,WR,116.68276348530054,47.432763485300526,1.22767,Low cost,50.0,elite_surplus,2022.0,2.0,52.0,round_2,0.0,rookie_contract,True,rookie_contract_surplus,high
2022,K.J. Osborn,MIN,WR,87.81154929867918,25.011549298679174,0.961943,Low cost,48.0,elite_surplus,2020.0,5.0,176.0,rounds_4_5,2.0,rookie_contract,True,rookie_contract_surplus,high
2022,Donovan Peoples-Jones,CLE,WR,84.3276495026529,18.0276495026529,0.941652,Low cost,46.0,elite_surplus,2020.0,6.0,187.0,rounds_6_7,2.0,rookie_contract,True,rookie_contract_surplus,high
2022,Justin Jefferson,MIN,WR,231.6898255545427,80.69982555454268,3.578947,Low cost,46.0,elite_surplus,2020.0,1.0,22.0,round_1,2.0,rookie_contract,True,rookie_contract_surplus,high
2022,Darius Slayton,NYG,WR,88.95416537458641,35.254165374586414,1.023721,Low cost,44.0,elite_surplus,2019.0,5.0,171.0,rounds_4_5,3.0,rookie_contract,True,rookie_contract_surplus,high
2022,Tee Higgins,CIN,WR,145.51832947387766,54.56832947387763,2.369124,Low cost,43.0,elite_surplus,2020.0,2.0,33.0,round_2,2.0,rookie_contract,True,rookie_contract_surplus,high
2022,Gabe Davis,BUF,WR,89.49005783379474,14.69005783379474,1.069843,Low cost,40.0,elite_surplus,2020.0,4.0,128.0,rounds_4_5,2.0,rookie_contract,True,rookie_contract_surplus,high
2022,Christian Watson,GB,WR,109.16044183260298,37.36044183260299,1.680186,Low cost,39.0,elite_surplus,2022.0,2.0,34.0,round_2,0.0,rookie_contract,True,rookie_contract_surplus,high
2023,Brock Purdy,SF,QB,244.18105106005572,155.18105106005575,0.889253,Low cost,34.0,elite_surplus,2022.0,7.0,262.0,rounds_6_7,1.0,rookie_contract,True,rookie_contract_surplus,high
2023,Jake Browning,CIN,QB,69.3947410056463,30.78474100564628,0.75,Low cost,20.0,elite_surplus,,,,undrafted_or_unmatched,,undrafted_or_unmatched,False,veteran_positive_value,high
2023,Jordan Love,GB,QB,181.1210235839656,80.6810235839656,4.409271,Mid cost,19.0,strong_surplus,2020.0,1.0,26.0,round_1,3.0,rookie_contract,True,rookie_contract_surplus,high
2023,Jalen Hurts,PHI,QB,204.50331606003232,83.6733160600323,6.154286,Mid cost,19.0,strong_surplus,2020.0,2.0,53.0,round_2,3.0,rookie_contract,True,rookie_contract_surplus,high
2023,Baker Mayfield,TB,QB,112.93153130343006,35.34153130343005,1.7,Low cost,19.0,strong_surplus,2018.0,1.0,1.0,round_1,5.0,second_contract_or_later,False,veteran_positive_value,high
2023,C.J. Stroud,HOU,QB,152.4024245822528,67.22242458225278,6.596226,Mid cost,14.0,strong_surplus,2023.0,1.0,2.0,round_1,0.0,rookie_contract,True,rookie_contract_surplus,high
2023,Josh Allen,BUF,QB,276.3347265987167,146.07472659871672,18.636281,High cost,10.0,strong_surplus,2018.0,1.0,7.0,round_1,5.0,second_contract_or_later,False,veteran_positive_value,high
2023,Joe Flacco,CLE,QB,23.23546686228729,-1.0245331377127087,1.175,Low cost,9.0,positive_surplus,2008.0,1.0,18.0,round_1,15.0,second_contract_or_later,False,positive_value,high
2023,Aidan O'Connell,LV,QB,7.813756943860127,-21.916243056139873,0.877345,Low cost,9.0,positive_surplus,2023.0,4.0,135.0,rounds_4_5,0.0,rookie_contract,True,pre_extension_breakout,high
2023,Tua Tagovailoa,MIA,QB,155.23598553766254,82.54598553766255,9.633093,Mid cost,8.0,positive_surplus,2020.0,1.0,5.0,round_1,3.0,rookie_contract,True,pre_extension_breakout,high
2023,De'Von Achane,MIA,RB,122.64196534061344,33.29196534061345,0.905293,Low cost,51.0,elite_surplus,2023.0,3.0,84.0,round_3,0.0,rookie_contract,True,rookie_contract_surplus,high
2023,Kyren Williams,LA,RB,128.38919794140315,7.8891979414031645,0.947602,Low cost,49.0,elite_surplus,2022.0,5.0,164.0,rounds_4_5,1.0,rookie_contract,True,rookie_contract_surplus,high
2023,Isiah Pacheco,KC,RB,94.0574872843644,-2.8925127156355965,0.889777,Low cost,42.0,elite_surplus,2022.0,7.0,251.0,rounds_6_7,1.0,rookie_contract,True,rookie_contract_surplus,high
2023,Jaylen Warren,PIT,RB,67.4885129660594,-17.461487033940593,0.874,Low cost,34.0,elite_surplus,,,,undrafted_or_unmatched,,undrafted_or_unmatched,False,veteran_positive_value,high
2023,Keaton Mitchell,BAL,RB,52.69475108451805,19.994751084518057,0.622667,Low cost,29.0,elite_surplus,,,,undrafted_or_unmatched,,undrafted_or_unmatched,False,veteran_positive_value,high
2023,Jaleel McLaughlin,DEN,RB,53.10041184804706,7.850411848047056,0.755,Low cost,29.0,elite_surplus,,,,undrafted_or_unmatched,,undrafted_or_unmatched,False,veteran_positive_value,high
2023,James Cook,BUF,RB,116.41696744100445,9.066967441004438,1.325469,Low cost,27.0,elite_surplus,2022.0,2.0,63.0,round_2,1.0,rookie_contract,True,rookie_contract_surplus,high
2023,Rachaad White,TB,RB,98.18155096958009,-21.768449030419916,1.165909,Low cost,26.0,elite_surplus,2022.0,3.0,91.0,round_3,1.0,rookie_contract,True,rookie_contract_surplus,high
2023,Raheem Mostert,MIA,RB,144.54934847329633,15.949348473296348,2.187941,Low cost,23.0,elite_surplus,,,,undrafted_or_unmatched,,undrafted_or_unmatched,False,veteran_positive_value,high
2023,Brian Robinson,WAS,RB,90.33828356241932,-0.7117164375806802,1.146569,Low cost,23.0,elite_surplus,2022.0,3.0,98.0,round_3,1.0,rookie_contract,True,rookie_contract_surplus,high
2023,Jake Ferguson,DAL,TE,103.55242731869888,32.75242731869887,1.04622,Low cost,26.0,elite_surplus,2022.0,4.0,129.0,rounds_4_5,1.0,rookie_contract,True,rookie_contract_surplus,high
2023,Isaiah Likely,BAL,TE,75.24419939463758,32.19419939463758,0.996084,Low cost,23.5,elite_surplus,2022.0,4.0,139.0,rounds_4_5,1.0,rookie_contract,True,rookie_contract_surplus,high
2023,Sam LaPorta,DET,TE,136.7160848685558,40.566084868555805,1.72109,Low cost,22.0,elite_surplus,2023.0,2.0,34.0,round_2,0.0,rookie_contract,True,rookie_contract_surplus,high
2023,Trey McBride,ARI,TE,80.3028204253265,9.802820425326502,1.431741,Low cost,17.0,strong_surplus,2022.0,2.0,55.0,round_2,1.0,rookie_contract,True,rookie_contract_surplus,high
2023,T.J. Hockenson,MIN,TE,118.57288797302311,31.82288797302312,4.992,Mid cost,13.0,strong_surplus,2019.0,1.0,8.0,round_1,4.0,possible_fifth_year_option,True,rookie_contract_surplus,high
2023,Chig Okonkwo,TEN,TE,50.935133620393586,7.735133620393581,0.996084,Low cost,12.5,strong_surplus,2022.0,4.0,143.0,rounds_4_5,1.0,rookie_contract,True,rookie_contract_surplus,high
2023,Dalton Schultz,HOU,TE,85.90579745860059,24.40579745860059,2.845588,Low cost,12.0,strong_surplus,2018.0,4.0,137.0,rounds_4_5,5.0,second_contract_or_later,False,veteran_positive_value,high
2023,Cade Otton,TB,TE,59.09098223960626,12.590982239606266,1.108485,Low cost,12.0,strong_surplus,2022.0,4.0,106.0,rounds_4_5,1.0,rookie_contract,True,rookie_contract_surplus,high
2023,Tucker Kraft,GB,TE,49.27481282295084,17.774812822950842,1.006897,Low cost,9.0,positive_surplus,2023.0,3.0,78.0,round_3,0.0,rookie_contract,True,pre_extension_breakout,high
2023,Evan Engram,JAX,TE,98.89534228767052,10.245342287670528,5.0,Mid cost,9.0,positive_surplus,2017.0,1.0,23.0,round_1,6.0,second_contract_or_later,False,positive_value,high
2023,Puka Nacua,LA,WR,194.67579401431547,71.67579401431547,0.811245,Low cost,88.0,elite_surplus,2023.0,5.0,177.0,rounds_4_5,0.0,rookie_contract,True,rookie_contract_surplus,high
2023,Amon-Ra St. Brown,DET,WR,207.05439331275147,70.60439331275147,1.136315,Low cost,76.0,elite_surplus,2021.0,4.0,112.0,rounds_4_5,2.0,rookie_contract,True,rookie_contract_surplus,high
2023,Nico Collins,HOU,WR,181.70238889168056,72.50238889168057,1.328595,Low cost,66.0,elite_surplus,2021.0,3.0,89.0,round_3,2.0,rookie_contract,True,rookie_contract_surplus,high
2023,Jayden Reed,GB,WR,130.48668910204927,38.88668910204926,1.305596,Low cost,56.0,elite_surplus,2023.0,2.0,50.0,round_2,0.0,rookie_contract,True,rookie_contract_surplus,high
2023,Tank Dell,HOU,WR,99.64246435632876,29.14246435632877,0.951049,Low cost,54.0,elite_surplus,2023.0,3.0,69.0,round_3,0.0,rookie_contract,True,rookie_contract_surplus,high
2023,Rashee Rice,KC,WR,124.77028502302232,37.27028502302231,1.180949,Low cost,54.0,elite_surplus,2023.0,2.0,55.0,round_2,0.0,rookie_contract,True,rookie_contract_surplus,high
2023,Khalil Shakir,BUF,WR,90.54230551268265,43.74230551268265,0.956788,Low cost,48.0,elite_surplus,2022.0,5.0,148.0,rounds_4_5,1.0,rookie_contract,True,rookie_contract_surplus,high
2023,Romeo Doubs,GB,WR,96.5605666056188,24.11056660561879,1.040979,Low cost,46.0,elite_surplus,2022.0,4.0,132.0,rounds_4_5,1.0,rookie_contract,True,rookie_contract_surplus,high
2023,Dontayvion Wicks,GB,WR,80.66054966505772,29.67054966505772,0.825636,Low cost,45.0,elite_surplus,2023.0,5.0,159.0,rounds_4_5,0.0,rookie_contract,True,rookie_contract_surplus,high
2023,Josh Downs,IND,WR,88.05760102279592,26.50760102279591,1.003719,Low cost,44.0,elite_surplus,2023.0,3.0,79.0,round_3,0.0,rookie_contract,True,rookie_contract_surplus,high
2024,Brock Purdy,SF,QB,175.04732622041067,97.00732622041068,1.004253,Low cost,28.0,elite_surplus,2022.0,7.0,262.0,rounds_6_7,2.0,rookie_contract,True,rookie_contract_surplus,high
2024,Jayden Daniels,WAS,QB,237.85312303366936,119.37312303366934,6.863027,Mid cost,20.0,elite_surplus,2024.0,1.0,2.0,round_1,0.0,rookie_contract,True,rookie_contract_surplus,high
2024,Bo Nix,DEN,QB,162.99112588729403,60.39112588729404,3.384212,Low cost,18.0,strong_surplus,2024.0,1.0,12.0,round_1,0.0,rookie_contract,True,rookie_contract_surplus,high
2024,Baker Mayfield,TB,QB,235.08266119867537,122.18266119867536,6.9,Mid cost,18.0,strong_surplus,2018.0,1.0,1.0,round_1,6.0,second_contract_or_later,False,veteran_positive_value,high
2024,Sam Darnold,MIN,QB,137.27387453548712,46.48387453548714,5.0,Mid cost,15.0,strong_surplus,2018.0,1.0,3.0,round_1,6.0,second_contract_or_later,False,veteran_positive_value,high
2024,Russell Wilson,PIT,QB,42.81429746662357,-9.50570253337643,1.21,Low cost,13.0,strong_surplus,2012.0,3.0,75.0,round_3,12.0,second_contract_or_later,False,veteran_positive_value,high
2024,Justin Fields,PIT,QB,54.53749674287588,10.027496742875876,3.233448,Low cost,11.0,strong_surplus,2021.0,1.0,11.0,round_1,3.0,rookie_contract,True,rookie_contract_surplus,high
2024,Jalen Hurts,PHI,QB,200.18994640094215,81.15994640094215,13.5588,High cost,9.0,positive_surplus,2020.0,2.0,53.0,round_2,4.0,second_contract_or_later,False,positive_value,high
2024,Aidan O'Connell,LV,QB,20.406929319244895,-5.713070680755106,0.925678,Low cost,8.0,positive_surplus,2023.0,4.0,135.0,rounds_4_5,1.0,rookie_contract,True,pre_extension_breakout,high
2024,Jared Goff,DET,QB,262.0939433317802,167.1539433317802,27.211832,Premium cost,6.0,positive_surplus,2016.0,1.0,1.0,round_1,8.0,second_contract_or_later,False,positive_value,high
2024,Bucky Irving,TB,RB,146.90035139455412,35.450351394554126,0.977888,Low cost,39.0,elite_surplus,2024.0,4.0,125.0,rounds_4_5,0.0,rookie_contract,True,rookie_contract_surplus,high
2024,Chase Brown,CIN,RB,119.01326256621005,5.013262566210027,0.986539,Low cost,34.0,elite_surplus,2023.0,5.0,163.0,rounds_4_5,1.0,rookie_contract,True,rookie_contract_surplus,high
2024,Kareem Hunt,KC,RB,77.11560049856216,5.165600498562158,0.820833,Low cost,31.0,elite_surplus,2017.0,3.0,86.0,round_3,7.0,second_contract_or_later,False,veteran_positive_value,high
2024,De'Von Achane,MIA,RB,143.032346464893,12.582346464893014,1.235784,Low cost,30.0,elite_surplus,2023.0,3.0,84.0,round_3,1.0,rookie_contract,True,rookie_contract_surplus,high
2024,Kyren Williams,LA,RB,104.09511234591795,-26.454887654082032,1.062602,Low cost,29.0,elite_surplus,2022.0,5.0,164.0,rounds_4_5,2.0,rookie_contract,True,rookie_contract_surplus,high
2024,James Cook,BUF,RB,148.74513628490385,23.395136284903856,1.590563,Low cost,24.0,elite_surplus,2022.0,2.0,63.0,round_2,2.0,rookie_contract,True,rookie_contract_surplus,high
2024,Ray Davis,BUF,RB,63.09255964158979,9.292559641589785,0.973297,Low cost,18.0,strong_surplus,2024.0,4.0,128.0,rounds_4_5,0.0,rookie_contract,True,rookie_contract_surplus,high
2024,Rico Dowdle,DAL,RB,84.93680698785693,-6.213193012143076,1.255,Low cost,17.0,strong_surplus,,,,undrafted_or_unmatched,,undrafted_or_unmatched,False,veteran_positive_value,high
2024,Tyrone Tracy Jr.,NYG,RB,57.06648294605375,-26.583517053946256,0.866588,Low cost,17.0,strong_surplus,2024.0,5.0,166.0,rounds_4_5,0.0,rookie_contract,True,rookie_contract_surplus,high
2024,Jordan Mason,SF,RB,54.93609105202814,-0.8139089479718589,0.859167,Low cost,16.0,strong_surplus,,,,undrafted_or_unmatched,,undrafted_or_unmatched,False,veteran_positive_value,high
2024,Trey McBride,ARI,TE,143.822449749685,49.672449749685,1.718089,Low cost,25.0,elite_surplus,2022.0,2.0,55.0,round_2,2.0,rookie_contract,True,rookie_contract_surplus,high
2024,Jonnu Smith,MIA,TE,148.21871623266173,58.068716232661735,2.11,Low cost,25.0,elite_surplus,2017.0,3.0,100.0,round_3,7.0,second_contract_or_later,False,veteran_positive_value,high
2024,Tucker Kraft,GB,TE,109.6630685397054,40.513068539705394,1.258621,Low cost,24.0,elite_surplus,2023.0,3.0,78.0,round_3,1.0,rookie_contract,True,rookie_contract_surplus,high
2024,Isaiah Likely,BAL,TE,80.05649973336767,27.70649973336768,1.111084,Low cost,20.5,elite_surplus,2022.0,4.0,139.0,rounds_4_5,2.0,rookie_contract,True,rookie_contract_surplus,high
2024,Sam LaPorta,DET,TE,103.72335684760657,31.423356847606563,2.151363,Low cost,18.0,strong_surplus,2023.0,2.0,34.0,round_2,1.0,rookie_contract,True,rookie_contract_surplus,high
2024,Cade Otton,TB,TE,67.76688210514472,11.216882105144713,1.193485,Low cost,15.0,strong_surplus,2022.0,4.0,106.0,rounds_4_5,2.0,rookie_contract,True,rookie_contract_surplus,high
2024,Mike Gesicki,CIN,TE,89.26757545628534,33.76757545628534,2.5,Low cost,13.0,strong_surplus,2018.0,2.0,42.0,round_2,6.0,second_contract_or_later,False,veteran_positive_value,high
2024,Brock Bowers,LV,TE,129.5933291948026,26.24332919480259,3.297961,Low cost,13.0,strong_surplus,2024.0,1.0,13.0,round_1,0.0,rookie_contract,True,rookie_contract_surplus,high
2024,Zach Ertz,WAS,TE,101.18254147551232,30.982541475512303,3.0,Low cost,12.0,strong_surplus,2013.0,2.0,35.0,round_2,11.0,second_contract_or_later,False,veteran_positive_value,high
2024,Pat Freiermuth,PIT,TE,105.80123255502625,35.90123255502623,3.636033,Low cost,8.0,positive_surplus,2021.0,2.0,55.0,round_2,3.0,rookie_contract,True,pre_extension_breakout,high
2024,Puka Nacua,LA,WR,138.04102076017674,54.49102076017674,0.976245,Low cost,78.0,elite_surplus,2023.0,5.0,177.0,rounds_4_5,1.0,rookie_contract,True,rookie_contract_surplus,high
2024,Ladd McConkey,LAC,WR,164.65744334692658,65.70744334692658,1.817306,Low cost,59.0,elite_surplus,2024.0,2.0,34.0,round_2,0.0,rookie_contract,True,rookie_contract_surplus,high
2024,Khalil Shakir,BUF,WR,115.4444834181761,43.1944834181761,1.071788,Low cost,57.0,elite_surplus,2022.0,5.0,148.0,rounds_4_5,2.0,rookie_contract,True,rookie_contract_surplus,high
2024,Devaughn Vele,DEN,WR,78.08660535645322,35.08660535645322,0.82112,Low cost,52.0,elite_surplus,2024.0,7.0,235.0,rounds_6_7,0.0,rookie_contract,True,rookie_contract_surplus,high
2024,DeMario Douglas,NE,WR,78.91141757554999,21.56141757554999,0.948333,Low cost,50.0,elite_surplus,2023.0,6.0,210.0,rounds_6_7,1.0,rookie_contract,True,rookie_contract_surplus,high
2024,Brian Thomas Jr.,JAX,WR,175.0604452652123,56.8104452652123,2.66545,Low cost,48.0,elite_surplus,2024.0,1.0,23.0,round_1,0.0,rookie_contract,True,rookie_contract_surplus,high
2024,Andrei Iosivas,CIN,WR,74.91351206468374,23.963512064683744,0.954848,Low cost,45.0,elite_surplus,2023.0,6.0,206.0,rounds_6_7,1.0,rookie_contract,True,rookie_contract_surplus,high
2024,Jayden Reed,GB,WR,124.00512123608988,38.255121236089884,1.631995,Low cost,43.0,elite_surplus,2023.0,2.0,50.0,round_2,1.0,rookie_contract,True,rookie_contract_surplus,high
2024,Jalen Coker,CAR,WR,68.4753124304938,30.3853124304938,0.6625,Low cost,40.0,elite_surplus,,,,undrafted_or_unmatched,,undrafted_or_unmatched,False,veteran_positive_value,high
2024,Romeo Doubs,GB,WR,83.28358125259811,29.73358125259811,1.101257,Low cost,39.0,elite_surplus,2022.0,4.0,132.0,rounds_4_5,2.0,rookie_contract,True,rookie_contract_surplus,high
2025,Drake Maye,NE,QB,288.08507712224093,175.04507712224094,8.327219,Mid cost,24.0,elite_surplus,2024.0,1.0,3.0,round_1,1.0,rookie_contract,True,rookie_contract_surplus,high
2025,Bo Nix,DEN,QB,165.88789432636088,71.27789432636088,4.230265,Mid cost,22.0,elite_surplus,2024.0,1.0,12.0,round_1,1.0,rookie_contract,True,rookie_contract_surplus,high
2025,Jaxson Dart,NYG,QB,126.86347932671816,41.54347932671816,3.086898,Low cost,18.0,strong_surplus,2025.0,1.0,25.0,round_1,0.0,rookie_contract,True,rookie_contract_surplus,high
2025,Caleb Williams,CHI,QB,159.06323686768334,52.89323686768335,8.974104,Mid cost,12.0,strong_surplus,2024.0,1.0,1.0,round_1,1.0,rookie_contract,True,rookie_contract_surplus,high
2025,Mac Jones,SF,QB,73.92734438676331,39.417344386763304,2.558,Low cost,12.0,strong_surplus,2021.0,1.0,15.0,round_1,4.0,possible_fifth_year_option,True,rookie_contract_surplus,high
2025,Joe Flacco,CIN,QB,58.384254242535015,21.89425424253501,2.862271,Low cost,9.0,positive_surplus,2008.0,1.0,18.0,round_1,17.0,second_contract_or_later,False,positive_value,high
2025,Tyler Shough,NO,QB,45.47311623842555,3.083116238425554,1.964496,Low cost,8.0,positive_surplus,2025.0,2.0,40.0,round_2,0.0,rookie_contract,True,pre_extension_breakout,high
2025,Brock Purdy,SF,QB,134.59202882330524,79.32202882330523,9.119253,Mid cost,8.0,positive_surplus,2022.0,7.0,262.0,rounds_6_7,3.0,rookie_contract,True,pre_extension_breakout,high
2025,Josh Allen,BUF,QB,237.72890468693217,110.09890468693212,36.335281,Premium cost,7.0,positive_surplus,2018.0,1.0,7.0,round_1,7.0,second_contract_or_later,False,positive_value,high
2025,Trevor Lawrence,JAX,QB,172.97147994854305,64.20147994854305,17.0,High cost,7.0,positive_surplus,2021.0,1.0,1.0,round_1,4.0,possible_fifth_year_option,True,pre_extension_breakout,high
2025,Chase Brown,CIN,RB,108.4795558652642,-14.570444134735812,1.101539,Low cost,36.0,elite_surplus,2023.0,5.0,163.0,rounds_4_5,2.0,rookie_contract,True,rookie_contract_surplus,high
2025,De'Von Achane,MIA,RB,148.46097509414986,3.8109750941498586,1.482941,Low cost,33.0,elite_surplus,2023.0,3.0,84.0,round_3,2.0,rookie_contract,True,rookie_contract_surplus,high
2025,Jacory Croskey-Merritt,WAS,RB,64.4034335730453,-5.496566426954698,0.866357,Low cost,32.0,elite_surplus,2025.0,7.0,245.0,rounds_6_7,0.0,rookie_contract,True,rookie_contract_surplus,high
2025,Kyle Monangai,CHI,RB,63.25449328940423,-3.595506710595779,0.872035,Low cost,30.0,elite_surplus,2025.0,7.0,233.0,rounds_6_7,0.0,rookie_contract,True,rookie_contract_surplus,high
2025,Tyrone Tracy Jr.,NYG,RB,62.65427693713083,-9.745723062869166,1.031588,Low cost,24.0,elite_surplus,2024.0,5.0,166.0,rounds_4_5,1.0,rookie_contract,True,rookie_contract_surplus,high
2025,RJ Harvey,DEN,RB,88.27971956746576,-4.270280432534236,1.338122,Low cost,22.0,elite_surplus,2025.0,2.0,60.0,round_2,0.0,rookie_contract,True,rookie_contract_surplus,high
2025,Cam Skattebo,NYG,RB,49.101339092737064,-8.74866090726294,0.913816,Low cost,20.0,elite_surplus,2025.0,4.0,105.0,rounds_4_5,0.0,rookie_contract,True,rookie_contract_surplus,high
2025,Kenneth Gainwell,PIT,RB,96.67604635197708,3.2760463519770933,1.79,Low cost,19.0,strong_surplus,2021.0,5.0,150.0,rounds_4_5,4.0,second_contract_or_later,False,veteran_positive_value,high
2025,Kyren Williams,LA,RB,138.11627437536984,13.466274375369832,2.465102,Low cost,18.0,strong_surplus,2022.0,5.0,164.0,rounds_4_5,3.0,rookie_contract,True,rookie_contract_surplus,high
2025,Kimani Vidal,LAC,RB,41.599666600415354,-13.350333399584644,0.693333,Low cost,18.0,strong_surplus,2024.0,6.0,181.0,rounds_6_7,1.0,rookie_contract,True,rookie_contract_surplus,high
2025,AJ Barner,SEA,TE,95.82583467247532,35.175834672475304,1.148777,Low cost,26.0,elite_surplus,2024.0,4.0,121.0,rounds_4_5,1.0,rookie_contract,True,rookie_contract_surplus,high
2025,Oronde Gadsden II,LAC,TE,70.96505532409869,16.515055324098682,0.933509,Low cost,20.0,elite_surplus,2025.0,5.0,165.0,rounds_4_5,0.0,rookie_contract,True,rookie_contract_surplus,high
2025,Tucker Kraft,GB,TE,89.04276139789144,38.442761397891445,1.510345,Low cost,18.0,strong_surplus,2023.0,3.0,78.0,round_3,2.0,rookie_contract,True,rookie_contract_surplus,high
2025,Colston Loveland,CHI,TE,114.68358338262718,46.63358338262719,4.84291,Mid cost,17.0,strong_surplus,2025.0,1.0,10.0,round_1,0.0,rookie_contract,True,rookie_contract_surplus,high
2025,Harold Fannin Jr.,CLE,TE,75.82929365714418,-0.3707063428558292,1.225979,Low cost,16.0,strong_surplus,2025.0,3.0,67.0,round_3,0.0,rookie_contract,True,rookie_contract_surplus,high
2025,Brenton Strange,JAX,TE,78.8647508115372,31.364750811537206,1.667548,Low cost,14.0,strong_surplus,2023.0,2.0,61.0,round_2,2.0,rookie_contract,True,rookie_contract_surplus,high
2025,Trey McBride,ARI,TE,199.16636689027308,72.71636689027306,9.594393,Mid cost,12.0,strong_surplus,2022.0,2.0,55.0,round_2,3.0,rookie_contract,True,rookie_contract_surplus,high
2025,Dalton Kincaid,BUF,TE,92.68840316268242,39.38840316268242,3.66192,Low cost,12.0,strong_surplus,2023.0,1.0,25.0,round_1,2.0,rookie_contract,True,rookie_contract_surplus,high
2025,Sam LaPorta,DET,TE,79.8778423127509,36.4278423127509,2.581636,Low cost,12.0,strong_surplus,2023.0,2.0,34.0,round_2,2.0,rookie_contract,True,rookie_contract_surplus,high
2025,Theo Johnson,NYG,TE,61.48237116280326,8.832371162803263,1.167859,Low cost,12.0,strong_surplus,2024.0,4.0,107.0,rounds_4_5,1.0,rookie_contract,True,rookie_contract_surplus,high
2025,Puka Nacua,LA,WR,281.28146136267435,125.03146136267434,1.091245,Low cost,74.0,elite_surplus,2023.0,5.0,177.0,rounds_4_5,2.0,rookie_contract,True,rookie_contract_surplus,high
2025,Parker Washington,JAX,WR,100.1458392066828,28.295839206682796,1.078066,Low cost,49.0,elite_surplus,2023.0,6.0,185.0,rounds_6_7,2.0,rookie_contract,True,rookie_contract_surplus,high
2025,Michael Wilson,ARI,WR,116.55218070236764,25.75218070236765,1.456217,Low cost,46.0,elite_surplus,2023.0,3.0,94.0,round_3,2.0,rookie_contract,True,rookie_contract_surplus,high
2025,Kayshon Boutte,NE,WR,90.66034117618686,36.86034117618686,1.076816,Low cost,46.0,elite_surplus,2023.0,6.0,187.0,rounds_6_7,2.0,rookie_contract,True,rookie_contract_surplus,high
2025,Ryan Flournoy,DAL,WR,76.1076776391556,29.107677639155597,0.906667,Low cost,40.0,elite_surplus,2024.0,6.0,216.0,rounds_6_7,1.0,rookie_contract,True,rookie_contract_surplus,high
2025,George Pickens,DAL,WR,210.4427112801041,88.7427112801041,3.656,Low cost,39.0,elite_surplus,2022.0,2.0,52.0,round_2,3.0,rookie_contract,True,rookie_contract_surplus,high
2025,Jaxon Smith-Njigba,SEA,WR,241.9190039093038,90.7190039093038,3.931993,Low cost,37.0,elite_surplus,2023.0,1.0,20.0,round_1,2.0,rookie_contract,True,rookie_contract_surplus,high
2025,Zay Flowers,BAL,WR,152.0338582026944,48.883858202694384,3.82812,Low cost,34.0,elite_surplus,2023.0,1.0,22.0,round_1,2.0,rookie_contract,True,rookie_contract_surplus,high
2025,Jalen Coker,CAR,WR,58.80575627593813,21.855756275938127,0.811667,Low cost,32.0,elite_surplus,,,,undrafted_or_unmatched,,undrafted_or_unmatched,False,veteran_positive_value,high
2025,Tre Tucker,LV,WR,87.9493380499473,21.349338049947292,1.446568,Low cost,32.0,elite_surplus,2023.0,3.0,100.0,round_3,2.0,rookie_contract,True,rookie_contract_surplus,high
