season,team,player_id,player_name,position,position_group,passing_yards,passing_tds,passing_interceptions,sacks_suffered,rushing_yards,rushing_tds,receptions,receiving_yards,receiving_tds,targets,passing_epa,rushing_epa,receiving_epa,total_epa,production_score,contract_player_name,contract_position,cap_number,cash_paid,base_salary,guaranteed_salary,has_contract_match,has_missing_contract,position_final,meets_sample_threshold,sample_confidence,contract_confidence,overall_confidence,production_rank_position,cost_rank_position,player_surplus_gap,player_surplus_rank,player_value_tier
2021,BAL,00-0034796,Lamar Jackson,QB,QB,2882,16,13,38,767,2,0,0,0,0,18.436700874048647,15.515112108310792,0.0,33.95181298235944,103.62181298235944,Lamar Jackson,QB,3.013708,1.77159,1.77159,1.77159,True,False,QB,True,normal_sample,contract_matched,high,16.0,29.0,13.0,6.5,Strong bargain
2021,BAL,00-0035993,Tyler Huntley,QB,QB,1081,3,4,18,294,2,0,0,0,0,-30.697212040843034,15.720750949055612,0.0,-14.976461091787423,10.033538908212579,Tyler Huntley,QB,0.78,0.78,0.78,0.0,True,False,QB,True,normal_sample,contract_matched,high,28.0,36.0,8.0,12.0,Positive value
2021,BAL,00-0031285,Devonta Freeman,RB,RB,0,0,0,0,576,5,34,190,1,42,0.0,-2.9614123813637194,1.1618387021007948,-1.7995736792629247,63.00042632073708,Devonta Freeman,RB,0.802778,1.015278,1.075,0.0,True,False,RB,True,normal_sample,contract_matched,high,32.0,58.0,26.0,9.5,Major bargain
2021,BAL,00-0030513,Latavius Murray,RB,RB,0,0,0,0,501,6,10,75,0,13,0.0,-6.842852562328158,-0.5330616743885912,-7.375914236716749,41.92408576328325,Latavius Murray,RB,1.075,1.075,1.075,0.0,True,False,RB,True,normal_sample,contract_matched,high,48.0,43.0,-5.0,41.0,Negative value
2021,BAL,00-0034753,Mark Andrews,TE,TE,0,0,0,0,0,0,107,1361,9,153,0.0,-1.0924461375689134,56.07177659429325,54.979330456724334,176.77933045672432,Mark Andrews,TE,3.161776,11.083059,0.92,0.92,True,False,TE,True,normal_sample,contract_matched,high,1.0,20.0,19.0,3.5,Strong bargain
2021,BAL,00-0035662,Marquise Brown,WR,WR,0,0,0,0,5,0,91,1008,6,146,0.0,0.9444636923726648,11.889530107876272,12.833993800248937,104.23399380024894,Marquise Brown,WR,3.214729,1.566576,1.566576,1.566576,True,False,WR,True,normal_sample,contract_matched,high,32.0,41.0,9.0,44.0,Positive value
2021,BAL,00-0036331,Devin Duvernay,WR,WR,0,0,0,0,50,0,33,272,2,47,0.0,2.461163314874284,7.448230200625511,9.909393515499795,40.259393515499795,Devin Duvernay,WR,1.039958,0.817992,0.817992,0.0,True,False,WR,True,normal_sample,contract_matched,high,86.0,74.0,-12.0,67.5,Major overpay
2021,BAL,00-0036550,Rashod Bateman,WR,WR,0,0,0,0,0,0,46,515,1,68,0.0,0.0,14.884151672314442,14.884151672314442,55.134151672314445,Rashod Bateman,WR,2.290802,7.183208,0.66,0.66,True,False,WR,True,normal_sample,contract_matched,high,67.0,51.0,-16.0,72.5,Major overpay
2021,BAL,00-0031325,Sammy Watkins,WR,WR,0,0,0,0,0,0,27,394,1,49,0.0,0.0,-1.9972376012962414,-1.9972376012962414,27.45276239870376,Sammy Watkins,WR,5.0,5.0,1.25,1.25,True,False,WR,True,normal_sample,contract_matched,high,99.0,27.0,-72.0,101.0,Major overpay
2021,CLE,00-0034855,Baker Mayfield,QB,QB,3010,17,13,43,134,1,0,11,0,0,-5.397413046271426,6.111318557494082,0.0,0.7139055112226558,38.31390551122266,Baker Mayfield,QB,10.56913,5.10677,0.92,4.93677,True,False,QB,True,normal_sample,contract_matched,high,24.0,13.0,-11.0,30.5,Major overpay
2021,CLE,00-0035628,D'Ernest Johnson,RB,RB,0,0,0,0,534,3,19,137,0,25,0.0,6.4351156105985865,0.7006596530263778,7.135775263624964,54.43577526362497,D'Ernest Johnson,RB,0.85,0.85,0.85,0.0,True,False,RB,True,normal_sample,contract_matched,high,38.0,53.0,15.0,16.5,Strong bargain
2021,CLE,00-0034791,Nick Chubb,RB,RB,0,0,0,0,1259,8,20,174,1,25,0.0,10.630183949570217,8.125115893781185,18.755299843351402,122.40529984335141,Nick Chubb,RB,4.782381,12.92,0.92,0.92,True,False,RB,True,normal_sample,contract_matched,high,4.0,12.0,8.0,24.5,Positive value
2021,CLE,00-0033923,Kareem Hunt,RB,RB,0,0,0,0,386,5,22,174,0,27,0.0,6.589269161013421,2.827636903235966,9.416906064249387,57.91690606424939,Kareem Hunt,RB,5.0,5.0,1.3,2.8,True,False,RB,True,normal_sample,contract_matched,high,34.0,9.5,-24.5,61.0,Major overpay
2021,CLE,00-0033885,David Njoku,TE,TE,0,0,0,0,1,0,36,475,4,53,0.0,-0.5057117864489555,21.50712458865616,21.001412802207206,65.80141280220721,David Njoku,TE,6.013,6.013,6.013,6.013,True,False,TE,True,normal_sample,contract_matched,high,14.0,6.5,-7.5,29.0,Negative value
2021,CLE,00-0032392,Austin Hooper,TE,TE,0,0,0,0,0,0,38,345,3,61,0.0,0.0,20.021503306744226,20.021503306744226,55.77150330674422,Austin Hooper,TE,8.25,11.5,4.5,4.5,True,False,TE,True,normal_sample,contract_matched,high,22.0,1.0,-21.0,35.0,Major overpay
2021,CLE,00-0036233,Donovan Peoples-Jones,WR,WR,0,0,0,0,0,0,34,597,3,58,0.0,0.0,25.022869365793994,25.022869365793994,72.372869365794,Donovan Peoples-Jones,WR,0.826652,0.78,0.78,,True,False,WR,True,normal_sample,contract_matched,high,55.0,96.0,41.0,18.0,Major bargain
2021,CLE,00-0032977,Rashard Higgins,WR,WR,0,0,0,0,0,0,24,275,1,47,0.0,0.0,5.273095316000005,5.273095316000005,28.023095316000006,Rashard Higgins,WR,1.1275,2.3775,2.24,2.24,True,False,WR,True,normal_sample,contract_matched,high,97.0,71.0,-26.0,82.5,Major overpay
2021,CLE,00-0031382,Jarvis Landry,WR,WR,0,0,0,1,40,2,52,570,2,87,-4.688111118914094,5.013085333448405,-13.1820960384178,-12.857121823883489,42.39287817611651,Jarvis Landry,WR,14.711765,13.029412,12.5,0.0,True,False,WR,True,normal_sample,contract_matched,high,84.0,8.0,-76.0,102.0,Major overpay
2021,DET,00-0033106,Jared Goff,QB,QB,3245,19,8,35,87,0,0,0,0,0,-25.531083544353343,-13.913521254435182,0.0,-39.444604798788525,10.60539520121148,Jared Goff,QB,10.65,25.65,5.65,5.0,True,False,QB,True,normal_sample,contract_matched,high,27.0,12.0,-15.0,33.0,Major overpay
2021,DET,00-0033948,Jamaal Williams,RB,RB,0,0,0,0,601,3,26,157,0,28,0.0,-3.0968296908927346,1.584870417835191,-1.5119592730575437,51.88804072694246,Jamaal Williams,RB,1.625,2.25,1.0,1.0,True,False,RB,True,normal_sample,contract_matched,high,41.0,32.0,-9.0,45.0,Negative value
2021,DET,00-0036275,D'Andre Swift,RB,RB,0,0,0,0,617,5,62,452,2,78,-0.912519452162087,-26.86820022217472,-7.822526139354126,-35.60324581369093,54.34675418630907,D'Andre Swift,RB,1.940663,0.998133,0.998133,0.998133,True,False,RB,True,normal_sample,contract_matched,high,39.0,27.0,-12.0,50.0,Major overpay
2021,DET,00-0035229,T.J. Hockenson,TE,TE,0,0,0,0,0,0,61,583,4,84,0.0,0.0,5.467852340760338,5.467852340760338,61.86785234076034,T.J. Hockenson,TE,5.580789,2.47193,0.85,2.29693,True,False,TE,True,normal_sample,contract_matched,high,18.0,13.0,-5.0,23.5,Negative value
2021,DET,00-0036963,Amon-Ra St. Brown,WR,WR,0,0,0,0,61,1,90,912,5,119,0.0,5.091692552311541,53.236641804328784,58.328334356640326,147.47833435664032,Amon-Ra St. Brown,WR,0.856315,1.44526,0.66,0.0,True,False,WR,True,normal_sample,contract_matched,high,13.0,85.0,72.0,1.0,Major bargain
2021,DET,00-0032464,Kalif Raymond,WR,WR,0,0,0,0,28,0,48,576,4,71,0.0,1.4138049385510385,17.047283275853175,18.461088214404214,72.66108821440422,Kalif Raymond,WR,0.9875,1.1275,0.99,0.1125,True,False,WR,True,normal_sample,contract_matched,high,54.0,77.0,23.0,30.0,Major bargain
2021,NYG,00-0035710,Daniel Jones,QB,QB,2428,10,7,22,298,2,1,16,0,1,-11.39888125137738,7.627667821375422,0.9808847262756899,-2.790328703726269,43.93967129627373,Daniel Jones,QB,7.174288,3.003096,0.85,2.828096,True,False,QB,True,normal_sample,contract_matched,high,22.0,19.0,-3.0,21.0,Negative value
2021,NYG,00-0032972,Devontae Booker,RB,RB,0,0,0,0,593,2,40,268,1,45,0.0,-13.068403237784468,5.795983729156433,-7.272419508628035,54.777580491371964,Devontae Booker,RB,2.5,3.625,1.5,,True,False,RB,True,normal_sample,contract_matched,high,37.0,20.0,-17.0,55.0,Major overpay
2021,NYG,00-0034844,Saquon Barkley,RB,RB,0,0,0,0,593,2,41,263,2,57,0.0,-20.349857543361633,-3.7365712338360026,-24.086428777197636,40.963571222802365,Saquon Barkley,RB,10.025602,4.833829,0.85,4.733829,True,False,RB,True,normal_sample,contract_matched,high,49.0,2.0,-47.0,67.0,Major overpay
2021,NYG,00-0033881,Evan Engram,TE,TE,0,0,0,0,-3,0,46,408,3,73,0.0,-1.524498006911017,-10.748071335000818,-12.272569341911835,28.477430658088167,Evan Engram,TE,6.013,6.013,6.013,6.013,True,False,TE,True,normal_sample,contract_matched,high,33.0,6.5,-26.5,37.0,Major overpay
2021,NYG,00-0035535,Darius Slayton,WR,WR,0,0,0,0,-13,0,26,339,2,58,0.0,-1.7453839217778295,-14.252361351251917,-15.997745273029746,12.802254726970254,Darius Slayton,WR,0.908721,0.85,0.85,0.0,True,False,WR,True,normal_sample,contract_matched,high,103.0,83.0,-20.0,77.0,Major overpay
2021,NYG,00-0036913,Kadarius Toney,WR,WR,19,0,0,1,6,0,39,420,0,57,-0.828378256643191,-3.3227411037660204,14.437597982451354,10.286478622042143,41.27647862204214,Kadarius Toney,WR,2.494456,7.997824,0.66,0.66,True,False,WR,True,normal_sample,contract_matched,high,85.0,50.0,-35.0,86.0,Major overpay
2021,NYG,00-0033932,Kenny Golladay,WR,WR,0,0,0,0,0,0,37,521,0,76,0.0,0.0,-3.4490646329655883,-3.4490646329655883,31.850935367034413,Kenny Golladay,WR,4.473529,18.25,1.0,1.0,True,False,WR,True,normal_sample,contract_matched,high,93.0,31.0,-62.0,96.5,Major overpay
2021,NYG,00-0032385,Sterling Shepard,WR,WR,0,0,0,0,-9,0,36,366,1,53,0.0,-1.439722878858447,1.8174775529000087,0.3777546740415616,30.227754674041563,Sterling Shepard,WR,5.01,7.0,0.99,0.99,True,False,WR,True,normal_sample,contract_matched,high,94.0,26.0,-68.0,99.0,Major overpay
2021,PHI,00-0036389,Jalen Hurts,QB,QB,3144,16,9,26,784,10,0,0,0,1,18.947359733150865,40.5911976853391,-2.804270841705147,56.73428657678481,164.8742865767848,Jalen Hurts,QB,1.369358,0.883872,0.883872,0.883872,True,False,QB,True,normal_sample,contract_matched,high,9.0,33.0,24.0,1.0,Major bargain
2021,PHI,00-0036919,Kenneth Gainwell,RB,RB,0,0,0,0,291,5,33,253,1,50,0.0,2.7505692723678488,4.413996038998437,7.164565311366286,60.614565311366285,Kenneth Gainwell,RB,0.743881,0.995524,0.66,0.0,True,False,RB,True,normal_sample,contract_matched,high,33.0,60.0,27.0,7.0,Major bargain
2021,PHI,00-0034414,Boston Scott,RB,RB,0,0,0,0,373,7,13,83,0,16,0.0,3.1922295561869576,-4.427679989648453,-1.2354504334614957,45.81454956653851,Boston Scott,RB,0.92,0.92,0.92,0.0,True,False,RB,True,normal_sample,contract_matched,high,44.0,49.5,5.5,29.5,Positive value
2021,PHI,00-0032780,Jordan Howard,RB,RB,0,0,0,0,406,3,2,19,0,5,0.0,-0.5718935054627892,-0.8270643803989515,-1.3989578858617406,29.35104211413826,Jordan Howard,RB,0.425,0.495,0.99,,True,False,RB,True,normal_sample,contract_matched,high,60.0,65.0,5.0,32.0,Positive value
2021,PHI,00-0035243,Miles Sanders,RB,RB,0,0,0,0,754,0,26,158,0,34,0.0,1.4463249936548692,-6.752762110539461,-5.306437116884592,46.793562883115406,Miles Sanders,RB,1.461881,0.982294,0.982294,0.0,True,False,RB,True,normal_sample,contract_matched,high,42.0,35.0,-7.0,42.0,Negative value
2021,PHI,00-0034351,Dallas Goedert,TE,TE,0,0,0,0,0,0,56,830,4,76,0.0,0.0,53.38343191915097,53.38343191915097,120.88343191915098,Dallas Goedert,TE,3.687966,11.320297,1.101637,0.408888,True,False,TE,True,normal_sample,contract_matched,high,4.0,17.0,13.0,8.0,Strong bargain
2021,PHI,00-0036271,Quez Watkins,WR,WR,0,0,0,0,3,0,43,647,1,62,0.0,-0.16650627565104514,30.817245467151885,30.65073919150084,76.90073919150083,Quez Watkins,WR,0.822415,0.78,0.78,,True,False,WR,True,normal_sample,contract_matched,high,50.0,97.0,47.0,9.0,Major bargain
2021,PHI,00-0036912,DeVonta Smith,WR,WR,0,0,0,0,0,0,64,916,5,104,0.0,0.0,29.674990696259094,29.674990696259094,106.4749906962591,DeVonta Smith,WR,3.662071,12.668284,0.66,0.66,True,False,WR,True,normal_sample,contract_matched,high,29.0,35.0,6.0,46.5,Positive value
2021,PHI,00-0036387,Jalen Reagor,WR,WR,0,0,0,0,32,0,33,299,2,57,0.0,-1.5066254753619432,-10.805154635583914,-12.311780110945858,18.488219889054143,Jalen Reagor,WR,3.016063,1.213213,1.213213,1.213213,True,False,WR,True,normal_sample,contract_matched,high,102.0,45.0,-57.0,93.5,Major overpay
2022,BAL,00-0034796,Lamar Jackson,QB,QB,2242,17,7,26,764,3,0,0,0,0,10.480335525684676,39.77210110162841,0.0,50.25243662731309,133.3724366273131,Lamar Jackson,QB,23.016,23.016,23.016,23.016,True,False,QB,True,normal_sample,contract_matched,high,9.0,7.0,-2.0,24.0,Fair value
2022,BAL,00-0036158,J.K. Dobbins,RB,RB,0,0,0,0,520,2,7,42,1,8,0.0,9.095251672691354,0.11823163681676263,9.213483309508117,48.06348330950812,J.K. Dobbins,RB,1.562574,1.130858,1.130858,0.0,True,False,RB,True,normal_sample,contract_matched,high,40.0,33.0,-7.0,46.0,Negative value
2022,BAL,00-0033118,Kenyan Drake,RB,RB,0,0,0,0,482,4,17,89,1,26,0.0,-12.499559383956058,-5.923722070280285,-18.423281454236342,29.37671854576366,Kenyan Drake,RB,1.035,1.035,1.035,0.0,True,False,RB,True,normal_sample,contract_matched,high,51.0,42.0,-9.0,47.5,Negative value
2022,BAL,00-0034184,Gus Edwards,RB,RB,0,0,0,0,433,3,0,0,0,2,0.0,-0.02994282904546708,-1.012467852095142,-1.042410681140609,29.607589318859393,Gus Edwards,RB,4.5,3.25,3.25,3.25,True,False,RB,True,normal_sample,contract_matched,high,50.0,12.0,-38.0,61.5,Major overpay
2022,BAL,00-0034753,Mark Andrews,TE,TE,0,0,0,0,8,0,73,847,5,113,0.0,3.9225933456327766,25.188454185823723,29.1110475314565,105.1110475314565,Mark Andrews,TE,9.657611,19.25,3.5,3.5,True,False,TE,True,normal_sample,contract_matched,high,3.0,5.0,2.0,16.0,Fair value
2022,BAL,00-0037838,Isaiah Likely,TE,TE,0,0,0,0,0,0,36,373,3,60,0.0,0.0,-5.3532324568654435,-5.3532324568654435,31.296767543134557,Isaiah Likely,TE,0.831084,1.209336,0.705,0.0,True,False,TE,True,normal_sample,contract_matched,high,32.0,31.5,-0.5,20.0,Fair value
2022,BAL,00-0036331,Devin Duvernay,WR,WR,0,0,0,0,84,1,37,407,3,49,0.0,5.453733798582107,19.672693191823782,25.12642699040589,70.9264269904059,Devin Duvernay,WR,1.227966,1.006,1.006,0.0,True,False,WR,True,normal_sample,contract_matched,high,49.0,71.0,22.0,27.5,Major bargain
2022,BAL,00-0032775,Demarcus Robinson,WR,WR,0,0,0,0,0,0,48,458,2,75,0.0,0.0,3.5986004587224407,3.5986004587224407,44.49860045872244,Demarcus Robinson,WR,0.895,1.035,1.035,0.0,True,False,WR,True,normal_sample,contract_matched,high,78.0,91.5,13.5,36.0,Strong bargain
2022,CLE,00-0033119,Jacoby Brissett,QB,QB,2608,12,6,24,243,2,0,0,0,0,18.745632323502797,19.836409262672532,0.0,38.58204158617533,88.81204158617534,Jacoby Brissett,QB,4.65,4.9,1.5,1.5,True,False,QB,True,normal_sample,contract_matched,high,17.0,25.0,8.0,13.0,Positive value
2022,CLE,00-0033537,Deshaun Watson,QB,QB,1102,7,5,20,175,1,0,0,0,0,-23.890652044285634,6.220824425690807,0.0,-17.669827618594827,4.100172381405173,Deshaun Watson,QB,9.3955,45.3675,1.035,0.4025,True,False,QB,True,normal_sample,contract_matched,high,31.0,19.0,-12.0,31.0,Major overpay
2022,CLE,00-0034791,Nick Chubb,RB,RB,0,0,0,0,1525,12,27,239,1,37,0.0,14.278027110340307,7.96462639622041,22.242653506560718,156.1926535065607,Nick Chubb,RB,5.213059,4.213059,1.213059,1.213059,True,False,RB,True,normal_sample,contract_matched,high,2.0,11.0,9.0,18.0,Positive value
2022,CLE,00-0033923,Kareem Hunt,RB,RB,0,0,0,0,468,3,35,210,1,44,0.0,-11.557620754056018,-2.4749615233686106,-14.032582277424629,40.617417722575375,Kareem Hunt,RB,6.25,6.25,1.35,1.0,True,False,RB,True,normal_sample,contract_matched,high,47.0,7.0,-40.0,63.0,Major overpay
2022,CLE,00-0033885,David Njoku,TE,TE,0,0,0,0,-8,0,58,628,4,80,0.0,-2.48257483902853,24.657573101232835,22.174998262204305,79.67499826220431,David Njoku,TE,3.328,12.5,1.035,1.035,True,False,TE,True,normal_sample,contract_matched,high,6.0,17.0,11.0,8.5,Strong bargain
2022,CLE,00-0036232,Harrison Bryant,TE,TE,0,0,0,0,8,0,31,239,1,42,0.0,0.9134245255263522,2.8788764024459397,3.792300927972292,26.892300927972293,Harrison Bryant,TE,1.087258,0.895,0.895,0.0,True,False,TE,True,normal_sample,contract_matched,high,33.0,25.0,-8.0,27.5,Negative value
2022,CLE,00-0036233,Donovan Peoples-Jones,WR,WR,0,0,0,0,2,0,61,839,3,96,0.0,-0.3847800234798342,18.412429526132733,18.0276495026529,84.3276495026529,Donovan Peoples-Jones,WR,0.941652,0.895,0.895,,True,False,WR,True,normal_sample,contract_matched,high,42.0,88.0,46.0,5.5,Major bargain
2022,CLE,00-0031544,Amari Cooper,WR,WR,0,0,1,0,0,0,78,1160,9,132,-4.980502444552258,0.0,52.517987040827116,47.53748459627486,150.03748459627485,Amari Cooper,WR,4.896,20.0,1.12,1.12,True,False,WR,True,normal_sample,contract_matched,high,10.0,33.0,23.0,24.5,Major bargain
2022,DET,00-0033106,Jared Goff,QB,QB,4438,29,7,23,73,0,1,5,0,1,102.01767571744924,-16.04031808448769,-0.10016044188523665,85.8771971910763,172.6571971910763,Jared Goff,QB,31.15,26.15,10.65,25.5,True,False,QB,True,normal_sample,contract_matched,high,6.0,4.0,-2.0,24.0,Fair value
2022,DET,00-0036275,D'Andre Swift,RB,RB,0,0,0,0,542,5,48,389,3,70,0.0,6.569174910386924,8.104379366221766,14.67355427660869,97.2235542766087,D'Andre Swift,RB,2.328796,1.386266,1.386266,0.928121,True,False,RB,True,normal_sample,contract_matched,high,12.0,24.0,12.0,13.5,Strong bargain
2022,DET,00-0033948,Jamaal Williams,RB,RB,0,0,0,0,1066,17,12,73,0,16,0.0,-24.973520815387733,-1.974092585442122,-26.947613400829855,84.00238659917015,Jamaal Williams,RB,4.375,4.0,3.75,1.0,True,False,RB,True,normal_sample,contract_matched,high,16.0,13.0,-3.0,42.0,Negative value
2022,DET,00-0035229,T.J. Hockenson,TE,TE,0,0,0,0,0,0,26,395,3,43,0.0,0.0,-0.7743032667057124,-0.7743032667057124,34.475696733294285,,,,,,,False,True,TE,True,normal_sample,missing_contract,low,30.0,35.0,5.0,14.0,Positive value
2022,DET,00-0036963,Amon-Ra St. Brown,WR,WR,0,0,0,0,95,0,106,1161,6,146,0.0,4.856911282578949,57.19009879805758,62.04701008063653,169.34701008063655,Amon-Ra St. Brown,WR,1.021315,0.825,0.825,0.0,True,False,WR,True,normal_sample,contract_matched,high,8.0,83.0,75.0,1.0,Major bargain
2022,DET,00-0032464,Kalif Raymond,WR,WR,0,0,0,0,36,0,47,616,0,64,0.0,2.2991403104388155,21.02153123925591,23.320671549694726,67.67067154969473,Kalif Raymond,WR,1.975,2.6,1.3,1.3,True,False,WR,True,normal_sample,contract_matched,high,52.0,62.0,10.0,37.5,Strong bargain
2022,DET,00-0033943,Josh Reynolds,WR,WR,0,0,0,0,0,0,38,479,3,59,0.0,0.0,11.604702909754556,11.604702909754556,54.05470290975456,Josh Reynolds,WR,2.0,3.0,1.2,1.2,True,False,WR,True,normal_sample,contract_matched,high,70.0,60.5,-9.5,65.0,Negative value
2022,DET,00-0034777,DJ Chark,WR,WR,0,0,0,0,0,0,30,502,3,52,0.0,0.0,21.15313317053699,21.15313317053699,62.75313317053699,D.J. Chark,WR,4.023333,10.0,1.035,1.035,True,False,WR,True,normal_sample,contract_matched,high,57.0,40.0,-17.0,71.0,Major overpay
2022,NYG,00-0035710,Daniel Jones,QB,QB,3205,15,5,44,708,7,0,0,0,0,21.108247770812454,39.27639706202617,0.0,60.384644832838624,157.83464483283862,Daniel Jones,QB,8.365836,4.194644,0.965,3.994644,True,False,QB,True,normal_sample,contract_matched,high,7.0,20.0,13.0,7.0,Strong bargain
2022,NYG,00-0034844,Saquon Barkley,RB,RB,0,0,0,0,1312,10,57,338,0,76,0.0,-15.51116913972907,-12.5992434311378,-28.11041257086687,98.63958742913314,Saquon Barkley,RB,7.217,7.217,7.217,7.217,True,False,RB,True,normal_sample,contract_matched,high,10.0,5.0,-5.0,44.0,Negative value
2022,NYG,00-0035535,Darius Slayton,WR,WR,0,0,0,0,0,0,46,724,2,71,0.0,0.0,35.254165374586414,35.254165374586414,88.95416537458641,Darius Slayton,WR,1.023721,0.965,0.965,0.0,True,False,WR,True,normal_sample,contract_matched,high,38.0,82.0,44.0,7.0,Major bargain
2022,NYG,00-0034286,Richie James,WR,WR,0,0,0,0,6,0,57,569,4,70,0.0,-0.5533195314928889,24.49580530790889,23.942485776416,78.942485776416,Richie James,WR,1.065,1.065,0.965,0.0,True,False,WR,True,normal_sample,contract_matched,high,45.0,78.0,33.0,14.0,Major bargain
2022,NYG,00-0036165,Isaiah Hodgins,WR,WR,0,0,0,0,0,0,33,351,4,42,0.0,0.0,10.215517303136092,10.215517303136092,48.01551730313609,Isaiah Hodgins,WR,0.391667,0.391667,0.705,,True,False,WR,True,normal_sample,contract_matched,high,74.0,99.0,25.0,20.0,Major bargain
2022,PHI,00-0036389,Jalen Hurts,QB,QB,3701,22,6,38,760,13,0,0,0,0,71.2700870482575,49.743342914217926,0.0,121.01342996247541,257.5234299624754,Jalen Hurts,QB,1.64323,1.157744,1.082744,0.0,True,False,QB,True,normal_sample,contract_matched,high,3.0,36.0,33.0,1.0,Major bargain
2022,PHI,00-0035243,Miles Sanders,RB,RB,0,0,0,0,1269,11,20,78,0,26,0.0,12.698613178494387,-11.284990536165424,1.4136226423289635,106.76362264232897,Miles Sanders,RB,1.705528,1.225941,1.225941,0.0,True,False,RB,True,normal_sample,contract_matched,high,8.0,30.0,22.0,7.0,Major bargain
2022,PHI,00-0034351,Dallas Goedert,TE,TE,0,0,0,0,0,0,55,702,3,69,0.0,0.0,45.187987072817165,45.187987072817165,103.03798707281717,Dallas Goedert,TE,3.721732,4.25,1.035,1.035,True,False,TE,True,normal_sample,contract_matched,high,5.0,14.0,9.0,10.0,Positive value
2022,PHI,00-0036912,DeVonta Smith,WR,WR,0,0,0,0,0,0,95,1196,7,136,0.0,0.0,59.69536659034412,59.69536659034412,164.24536659034413,DeVonta Smith,WR,4.577589,1.575518,0.825,1.575518,True,False,WR,True,normal_sample,contract_matched,high,9.0,35.0,26.0,19.0,Major bargain
2022,PHI,00-0035676,A.J. Brown,WR,WR,0,0,0,0,0,0,88,1496,11,145,0.0,0.0,55.87002713848922,55.87002713848922,185.67002713848922,A.J. Brown,WR,5.680894,24.220471,0.986,0.986,True,False,WR,True,normal_sample,contract_matched,high,5.0,28.0,23.0,24.5,Major bargain
2022,PHI,00-0036271,Quez Watkins,WR,WR,0,0,0,0,1,0,33,354,3,51,0.0,-2.6935721475883967,-12.772953875300066,-15.466526022888463,19.533473977111537,Quez Watkins,WR,0.937415,0.895,0.895,,True,False,WR,True,normal_sample,contract_matched,high,94.0,89.0,-5.0,61.0,Negative value
2023,BAL,00-0034796,Lamar Jackson,QB,QB,3678,24,7,37,821,5,0,0,0,0,59.07158835000632,10.159688361549266,0.0,69.2312767115556,186.8112767115556,Lamar Jackson,QB,22.15,80.0,7.5,7.5,True,False,QB,True,normal_sample,contract_matched,high,5.0,5.0,0.0,20.5,Fair value
2023,BAL,00-0038454,Keaton Mitchell,RB,RB,0,0,0,0,396,2,9,93,0,11,0.0,17.40301456837915,2.5917365161389103,19.994751084518057,52.69475108451805,Keaton Mitchell,RB,0.622667,0.634667,0.75,0.055,True,False,RB,True,normal_sample,contract_matched,high,31.0,60.0,29.0,5.5,Major bargain
2023,BAL,00-0034184,Gus Edwards,RB,RB,0,0,0,0,810,13,12,180,0,13,0.0,-11.775958436328319,9.551620966289192,-2.224337470039126,89.27566252996087,Gus Edwards,RB,2.794,4.484,1.084,1.084,True,False,RB,True,normal_sample,contract_matched,high,17.0,21.0,4.0,23.0,Positive value
2023,BAL,00-0034975,Justice Hill,RB,RB,0,0,0,0,387,3,28,206,1,39,0.0,0.8103901900690555,-4.725817573838867,-3.9154273837698117,44.734572616230196,Justice Hill,RB,1.51,2.01,1.01,0.25,True,False,RB,True,normal_sample,contract_matched,high,38.0,32.0,-6.0,37.0,Negative value
2023,BAL,00-0037838,Isaiah Likely,TE,TE,0,0,0,0,0,0,30,411,5,40,0.0,0.0,32.19419939463758,32.19419939463758,75.24419939463758,Isaiah Likely,TE,0.996084,0.87,0.87,0.0,True,False,TE,True,normal_sample,contract_matched,high,12.0,35.5,23.5,2.0,Major bargain
2023,BAL,00-0034753,Mark Andrews,TE,TE,0,0,0,0,0,0,45,544,6,61,0.0,-1.5892667324158904,33.181763841275824,31.592497108859934,88.04249710885993,Mark Andrews,TE,13.657611,7.5,7.5,7.5,True,False,TE,True,normal_sample,contract_matched,high,8.0,3.0,-5.0,26.0,Negative value
2023,BAL,00-0039064,Zay Flowers,WR,WR,0,0,0,0,56,1,77,858,5,108,0.0,4.306115789804608,28.935609554954237,33.24172534475885,116.19172534475885,Zay Flowers,WR,2.55208,7.95832,0.75,0.75,True,False,WR,True,normal_sample,contract_matched,high,30.0,61.0,31.0,17.0,Major bargain
2023,BAL,00-0031549,Nelson Agholor,WR,WR,0,0,0,0,0,0,35,381,4,45,0.0,0.0,17.871011294482273,17.871011294482273,57.67101129448227,Nelson Agholor,WR,1.582,3.75,1.165,1.165,True,False,WR,True,normal_sample,contract_matched,high,60.0,69.0,9.0,34.5,Positive value
2023,BAL,00-0031235,Odell Beckham Jr.,WR,WR,0,0,0,0,0,0,35,565,3,64,0.0,0.0,21.68043598897827,21.68043598897827,67.68043598897827,Odell Beckham Jr.,WR,4.932,16.0,1.165,1.165,True,False,WR,True,normal_sample,contract_matched,high,56.0,32.0,-24.0,73.0,Major overpay
2023,BAL,00-0036550,Rashod Bateman,WR,WR,0,0,0,0,18,0,32,367,1,56,0.0,2.5212486889213324,3.5081551851469532,6.029403874068286,36.27940387406829,Rashod Bateman,WR,3.436204,1.805402,1.805402,1.805402,True,False,WR,True,normal_sample,contract_matched,high,79.0,49.0,-30.0,77.0,Major overpay
2023,CLE,00-0026158,Joe Flacco,QB,QB,1616,13,8,8,2,0,0,0,0,0,-0.5545871609025781,-0.4699459768101306,0.0,-1.0245331377127087,23.23546686228729,Joe Flacco,QB,1.175,1.1,1.8,0.0,True,False,QB,True,normal_sample,contract_matched,high,25.0,34.0,9.0,9.5,Positive value
2023,CLE,00-0033537,Deshaun Watson,QB,QB,1115,7,4,17,142,1,0,0,0,0,-18.950161800698037,9.937375105540553,0.0,-9.012786695157484,13.98721330484252,Deshaun Watson,QB,19.057,46.0,1.08,1.08,True,False,QB,True,normal_sample,contract_matched,high,27.0,10.0,-17.0,38.0,Major overpay
2023,CLE,00-0037267,Jerome Ford,RB,RB,0,0,0,0,813,4,44,319,5,63,0.0,-36.28953655072814,-6.178224922747871,-42.46776147347601,52.132238526524,Jerome Ford,RB,0.950537,0.87,0.87,0.0,True,False,RB,True,normal_sample,contract_matched,high,32.0,51.0,19.0,13.5,Strong bargain
2023,CLE,00-0033923,Kareem Hunt,RB,RB,0,0,0,0,411,9,15,84,0,21,0.0,-4.943675237866472,-2.7660895040025935,-7.709764741869066,47.790235258130934,Kareem Hunt,RB,1.225,1.198529,1.125,0.5,True,False,RB,True,normal_sample,contract_matched,high,36.0,35.0,-1.0,30.0,Fair value
2023,CLE,00-0033885,David Njoku,TE,TE,0,0,0,0,0,0,81,882,6,123,0.0,0.0,-11.441595228930556,-11.441595228930556,70.90840477106944,David Njoku,TE,5.657,12.5,1.08,1.08,True,False,TE,True,normal_sample,contract_matched,high,14.0,15.0,1.0,16.0,Fair value
2023,CLE,00-0036980,Elijah Moore,WR,WR,0,0,0,0,11,0,59,640,2,104,0.0,-10.262956053542439,-1.7487402335777844,-12.011696287120223,41.28830371287978,Elijah Moore,WR,1.472766,1.472766,1.472766,1.472766,True,False,WR,True,normal_sample,contract_matched,high,74.0,72.0,-2.0,49.5,Fair value
2023,CLE,00-0038979,Cedric Tillman,WR,WR,0,0,0,0,8,0,21,224,0,44,0.0,0.23409246746450663,-26.516042324695917,-26.28194985723141,-9.43194985723141,Cedric Tillman,WR,1.020084,1.830336,0.75,,True,False,WR,True,normal_sample,contract_matched,high,94.0,84.0,-10.0,62.0,Major overpay
2023,CLE,00-0031544,Amari Cooper,WR,WR,0,0,0,0,0,0,72,1250,5,128,0.0,0.0,46.09748478105425,46.09748478105425,141.59748478105425,Amari Cooper,WR,23.776,20.0,20.0,0.0,True,False,WR,True,normal_sample,contract_matched,high,15.0,1.0,-14.0,67.0,Major overpay
2023,DET,00-0033106,Jared Goff,QB,QB,4575,30,12,30,21,2,0,0,0,0,80.94225091908035,-21.90658182852732,0.0,59.03566909055303,140.33566909055304,Jared Goff,QB,30.975,25.975,20.975,5.0,True,False,QB,True,normal_sample,contract_matched,high,10.0,3.0,-7.0,29.5,Negative value
2023,DET,00-0035685,David Montgomery,RB,RB,0,0,0,0,1015,13,16,117,0,24,0.0,10.28340074429789,-8.179863842146005,2.103536902151884,101.70353690215188,David Montgomery,RB,2.845588,6.161765,1.25,1.25,True,False,RB,True,normal_sample,contract_matched,high,10.0,20.0,10.0,19.5,Strong bargain
2023,DET,00-0039139,Jahmyr Gibbs,RB,RB,0,0,0,0,945,10,52,316,1,71,0.0,-5.18102973025623,-12.10023507666364,-17.28126480691987,91.76873519308013,Jahmyr Gibbs,RB,3.24457,10.72828,0.75,0.75,True,False,RB,True,normal_sample,contract_matched,high,15.0,15.0,0.0,29.0,Fair value
2023,DET,00-0039065,Sam LaPorta,TE,TE,0,0,0,0,4,0,86,889,10,120,0.0,0.13318984856596217,40.43289501998984,40.566084868555805,136.7160848685558,Sam LaPorta,TE,1.72109,4.63436,0.75,0.75,True,False,TE,True,normal_sample,contract_matched,high,2.0,24.0,22.0,3.0,Major bargain
2023,DET,00-0036963,Amon-Ra St. Brown,WR,WR,0,0,0,1,24,0,119,1515,10,164,-1.9745741735678166,1.235034344252199,71.34393314206709,70.60439331275147,207.05439331275147,Amon-Ra St. Brown,WR,1.136315,0.94,0.94,0.0,True,False,WR,True,normal_sample,contract_matched,high,3.0,79.0,76.0,2.0,Major bargain
2023,DET,00-0032464,Kalif Raymond,WR,WR,0,0,0,0,75,0,35,489,1,44,0.0,3.327270259556826,29.941924275573406,33.26919453513023,73.21919453513024,Kalif Raymond,WR,2.775,4.4,1.35,1.35,True,False,WR,True,normal_sample,contract_matched,high,52.0,58.0,6.0,38.0,Positive value
2023,DET,00-0033943,Josh Reynolds,WR,WR,0,0,0,0,0,0,40,608,5,64,0.0,0.0,14.700263801555883,14.700263801555883,70.10026380155588,Josh Reynolds,WR,4.0,3.5,1.8,1.0,True,False,WR,True,normal_sample,contract_matched,high,55.0,43.0,-12.0,64.5,Major overpay
2023,DET,00-0037240,Jameson Williams,WR,WR,0,0,0,0,29,1,24,354,2,42,0.0,2.504309055279009,13.631020210159477,16.135329265438486,50.285329265438484,Jameson Williams,WR,3.713318,1.115812,1.148718,0.0,True,False,WR,True,normal_sample,contract_matched,high,67.0,47.0,-20.0,71.0,Major overpay
2023,NYG,00-0038476,Tommy DeVito,QB,QB,1101,8,3,37,195,1,0,0,0,0,-49.32223220494569,-3.2305081719739066,-0.947,-53.499740376919604,-28.989740376919606,Tommy DeVito,QB,0.416667,0.416667,0.75,0.0,True,False,QB,True,normal_sample,contract_matched,high,37.0,40.0,3.0,16.0,Positive value
2023,NYG,00-0028118,Tyrod Taylor,QB,QB,1341,5,3,17,197,0,0,0,0,0,1.169015696653961,-0.41283654625414945,0.0,0.7561791503998117,23.766179150399815,Tyrod Taylor,QB,6.9,5.5,5.45,2.725,True,False,QB,True,normal_sample,contract_matched,high,24.0,21.0,-3.0,27.0,Negative value
2023,NYG,00-0034844,Saquon Barkley,RB,RB,0,0,0,0,962,6,41,280,4,60,0.0,-49.32096212196922,-7.518395814604385,-56.8393579365736,45.5106420634264,Saquon Barkley,RB,10.091,10.091,8.091,8.091,True,False,RB,True,normal_sample,contract_matched,high,37.0,3.5,-33.5,57.0,Major overpay
2023,NYG,00-0031610,Darren Waller,TE,TE,0,0,0,0,0,0,52,552,1,74,0.0,0.0,15.290661887388168,15.290661887388168,58.89066188738817,Darren Waller,TE,4.72375,12.1,1.165,1.165,True,False,TE,True,normal_sample,contract_matched,high,20.0,18.0,-2.0,21.0,Fair value
2023,NYG,00-0038117,Wan'Dale Robinson,WR,WR,0,0,0,0,87,1,60,525,1,78,0.0,4.916419042623602,21.910620719088797,26.8270397617124,78.4270397617124,Wan'Dale Robinson,WR,1.860265,1.077053,1.077053,1.077053,True,False,WR,True,normal_sample,contract_matched,high,47.0,66.0,19.0,22.0,Strong bargain
2023,NYG,00-0035535,Darius Slayton,WR,WR,0,0,0,0,0,0,50,770,4,79,0.0,0.0,29.193758920556547,29.193758920556547,92.19375892055655,Darius Slayton,WR,4.25,6.2,1.4,1.4,True,False,WR,True,normal_sample,contract_matched,high,38.0,40.0,2.0,47.0,Fair value
2023,NYG,00-0038938,Jalin Hyatt,WR,WR,0,0,0,0,0,0,23,373,0,40,0.0,0.0,3.0651579910464015,3.0651579910464015,27.465157991046404,Jalin Hyatt,WR,1.022785,1.84114,0.75,,True,False,WR,True,normal_sample,contract_matched,high,85.0,83.0,-2.0,49.5,Fair value
2023,PHI,00-0036389,Jalen Hurts,QB,QB,3858,23,15,36,605,15,0,0,0,0,62.38472199597199,21.28859406406032,0.0,83.6733160600323,204.50331606003232,Jalen Hurts,QB,6.154286,24.304,1.01,1.01,True,False,QB,True,normal_sample,contract_matched,high,4.0,23.0,19.0,4.0,Strong bargain
2023,PHI,00-0036275,D'Andre Swift,RB,RB,0,0,0,0,1049,5,39,214,1,49,0.0,1.9140144739499827,-8.93390828878769,-7.019893814837706,83.88010618516229,D'Andre Swift,RB,1.774399,1.774399,1.774399,0.0,True,False,RB,True,normal_sample,contract_matched,high,19.0,30.0,11.0,17.0,Strong bargain
2023,PHI,00-0036919,Kenneth Gainwell,RB,RB,17,0,0,0,364,2,30,183,0,37,1.2345058486098424,-11.646117783726266,2.570538667777347,-7.841073267339077,33.17892673266092,Kenneth Gainwell,RB,1.023881,0.94,0.94,0.0,True,False,RB,True,normal_sample,contract_matched,high,49.0,47.0,-2.0,31.5,Fair value
2023,PHI,00-0034351,Dallas Goedert,TE,TE,0,0,0,0,1,0,59,592,3,83,0.0,-0.45955811988096684,16.14812831702584,15.688570197144873,69.08857019714488,Dallas Goedert,TE,6.261583,14.25,1.08,1.08,True,False,TE,True,normal_sample,contract_matched,high,16.0,12.0,-4.0,24.0,Negative value
2023,PHI,00-0035676,A.J. Brown,WR,WR,0,0,0,0,0,0,106,1456,7,158,0.0,0.0,65.87283749351666,65.87283749351666,186.17283749351665,A.J. Brown,WR,8.318894,11.76,1.08,11.25,True,False,WR,True,normal_sample,contract_matched,high,6.0,24.0,18.0,23.5,Strong bargain
2023,PHI,00-0036912,DeVonta Smith,WR,WR,0,0,0,0,0,0,81,1066,7,112,0.0,0.0,34.021787702105996,34.021787702105996,128.571787702106,DeVonta Smith,WR,5.493107,2.491036,0.94,2.491036,True,False,WR,True,normal_sample,contract_matched,high,20.0,31.0,11.0,30.0,Strong bargain
2024,BAL,00-0034796,Lamar Jackson,QB,QB,4172,41,4,23,915,4,0,0,0,0,172.27861165601786,11.652933187217329,0.0,183.9315448432352,351.65154484323523,Lamar Jackson,QB,32.4,31.75,14.25,14.25,True,False,QB,True,normal_sample,contract_matched,high,1.0,5.0,4.0,13.5,Positive value
2024,BAL,00-0032764,Derrick Henry,RB,RB,0,0,0,0,1921,16,19,193,2,22,0.0,40.596154030029325,9.010280206304742,49.60643423633407,214.05643423633407,Derrick Henry,RB,5.105,11.0,1.21,1.21,True,False,RB,True,normal_sample,contract_matched,high,3.0,8.0,5.0,22.0,Positive value
2024,BAL,00-0034975,Justice Hill,RB,RB,0,0,0,0,228,1,42,383,3,51,0.0,0.7191480582114309,14.125376755954983,14.844524814166414,67.89452481416642,Justice Hill,RB,2.666667,3.5,1.441176,1.441176,True,False,RB,True,normal_sample,contract_matched,high,26.0,23.0,-3.0,35.0,Negative value
2024,BAL,00-0037838,Isaiah Likely,TE,TE,0,0,0,0,0,0,42,477,6,58,0.0,0.0,27.70649973336768,27.70649973336768,80.05649973336767,Isaiah Likely,TE,1.111084,0.985,0.985,0.0,True,False,TE,True,normal_sample,contract_matched,high,13.0,33.5,20.5,4.0,Major bargain
2024,BAL,00-0034753,Mark Andrews,TE,TE,0,0,0,0,5,0,55,673,11,69,0.0,3.4461851362721063,50.098964800592256,53.54514993686436,134.19514993686437,Mark Andrews,TE,16.907611,11.0,7.0,4.0,True,False,TE,True,normal_sample,contract_matched,high,4.0,2.0,-2.0,20.0,Fair value
2024,BAL,00-0039064,Zay Flowers,WR,WR,0,0,0,0,56,0,74,1059,4,116,0.0,2.1462229378521442,44.65668916783794,46.80291210569008,133.0529121056901,Zay Flowers,WR,3.1901,1.38802,0.97802,1.38802,True,False,WR,True,normal_sample,contract_matched,high,17.0,49.0,32.0,17.0,Major bargain
2024,BAL,00-0036550,Rashod Bateman,WR,WR,0,0,0,0,0,0,45,756,9,72,0.0,0.0,44.981979110995624,44.981979110995624,121.03197911099562,Rashod Bateman,WR,3.834135,4.5,1.055,1.055,True,False,WR,True,normal_sample,contract_matched,high,26.0,43.0,17.0,36.0,Strong bargain
2024,CLE,00-0031503,Jameis Winston,QB,QB,2121,13,12,24,83,1,0,0,0,0,-25.473956939174563,16.702675447857473,0.0,-8.77128149131709,15.588718508682911,Jameis Winston,QB,1.768,4.2,1.21,1.21,True,False,QB,True,normal_sample,contract_matched,high,34.0,36.0,2.0,18.5,Fair value
2024,CLE,00-0033537,Deshaun Watson,QB,QB,1148,5,3,33,148,1,0,0,0,0,-61.54127600711165,-1.8450406061772135,0.0,-63.38631661328886,-45.75631661328887,Deshaun Watson,QB,27.942678,46.0,1.21,1.21,True,False,QB,True,normal_sample,contract_matched,high,39.0,8.0,-31.0,41.0,Major overpay
2024,CLE,00-0037267,Jerome Ford,RB,RB,0,0,0,0,565,3,37,225,0,43,0.0,5.03220676237048,-4.887466751863961,0.14474001050651886,57.89474001050652,Jerome Ford,RB,1.065537,0.985,0.985,0.0,True,False,RB,True,normal_sample,contract_matched,high,32.0,40.0,8.0,18.5,Positive value
2024,CLE,00-0034791,Nick Chubb,RB,RB,0,0,0,0,332,3,5,31,1,11,0.0,-20.57457828947537,-16.317357186810113,-36.89193547628548,-5.49193547628548,Nick Chubb,RB,6.275,3.572917,1.125,1.125,True,False,RB,True,normal_sample,contract_matched,high,55.0,4.0,-51.0,55.0,Major overpay
2024,CLE,00-0034364,Jordan Akins,TE,TE,0,0,0,0,0,0,40,390,2,58,0.0,0.0,10.99355982258735,10.99355982258735,46.49355982258735,Jordan Akins,TE,2.315,1.985,1.49,0.255,True,False,TE,True,normal_sample,contract_matched,high,29.0,25.0,-4.0,23.0,Negative value
2024,CLE,00-0033885,David Njoku,TE,TE,0,0,0,0,0,0,64,505,5,97,0.0,0.0,-5.2064802698926345,-5.2064802698926345,51.04351973010736,David Njoku,TE,9.645,13.882353,1.21,3.0,True,False,TE,True,normal_sample,contract_matched,high,26.0,6.0,-20.0,34.5,Major overpay
2024,CLE,00-0036407,Jerry Jeudy,WR,WR,0,0,0,0,0,0,90,1229,4,145,0.0,0.0,38.79855886689231,38.79855886689231,134.74855886689232,Jerry Jeudy,WR,4.7,19.0,1.125,1.125,True,False,WR,True,normal_sample,contract_matched,high,16.0,37.5,21.5,27.0,Major bargain
2024,CLE,00-0031544,Amari Cooper,WR,WR,0,0,0,0,0,0,24,250,2,53,0.0,0.0,-5.325597100774861,-5.325597100774861,19.17440289922514,,,,,,,False,True,WR,True,normal_sample,missing_contract,low,97.0,103.5,6.5,52.0,Positive value
2024,CLE,00-0038979,Cedric Tillman,WR,WR,0,0,0,0,-5,0,29,339,3,49,0.0,-2.4089463611129656,-1.266587901835079,-3.6755342629480445,29.274465737051955,Cedric Tillman,WR,1.275105,1.005021,0.952521,,True,False,WR,True,normal_sample,contract_matched,high,92.0,74.0,-18.0,75.5,Major overpay
2024,CLE,00-0036980,Elijah Moore,WR,WR,0,0,0,0,1,0,61,538,1,102,0.0,-0.43551163747906685,-36.91097573652386,-37.346487374002926,7.853512625997073,Elijah Moore,WR,3.116,3.116,3.116,0.0,True,False,WR,True,normal_sample,contract_matched,high,104.0,51.0,-53.0,95.0,Major overpay
2024,DET,00-0033106,Jared Goff,QB,QB,4629,37,12,31,56,0,1,7,1,1,168.55468968876792,-3.12486233766038,1.72411598067265,167.1539433317802,262.0939433317802,Jared Goff,QB,27.211832,80.611832,2.611832,7.611832,True,False,QB,True,normal_sample,contract_matched,high,3.0,9.0,6.0,10.5,Positive value
2024,DET,00-0039139,Jahmyr Gibbs,RB,RB,0,0,0,0,1412,16,52,517,4,63,0.0,35.06442361974041,14.967730785883788,50.0321544056242,219.4821544056242,Jahmyr Gibbs,RB,4.055713,1.561143,0.915,1.561143,True,False,RB,True,normal_sample,contract_matched,high,1.0,14.0,13.0,13.5,Strong bargain
2024,DET,00-0035685,David Montgomery,RB,RB,3,1,0,0,775,12,36,341,0,38,1.5191485377727076,-8.831778593828663,15.918257171709268,8.605627115653313,111.4356271156533,David Montgomery,RB,5.053431,8.911765,2.270833,2.270833,True,False,RB,True,normal_sample,contract_matched,high,11.0,9.0,-2.0,34.0,Fair value
2024,DET,00-0039065,Sam LaPorta,TE,TE,0,0,0,0,0,0,60,726,7,83,0.0,0.0,31.423356847606563,31.423356847606563,103.72335684760657,Sam LaPorta,TE,2.151363,1.180273,1.180273,1.180273,True,False,TE,True,normal_sample,contract_matched,high,8.0,26.0,18.0,5.0,Strong bargain
2024,DET,00-0036963,Amon-Ra St. Brown,WR,WR,7,1,0,0,6,0,115,1263,12,141,1.72411598067265,-0.6376108569093049,96.38150294092755,97.46800806469089,227.7380080646909,Amon-Ra St. Brown,WR,4.862315,17.866,1.366,1.366,True,False,WR,True,normal_sample,contract_matched,high,2.0,36.0,34.0,15.0,Major bargain
2024,DET,00-0033375,Tim Patrick,WR,WR,0,0,0,0,0,0,33,394,3,44,0.0,0.0,19.74853268615203,19.74853268615203,56.698532686152035,Tim Patrick,WR,0.820833,0.9375,1.125,0.0,True,False,WR,True,normal_sample,contract_matched,high,75.0,101.0,26.0,21.5,Major bargain
2024,DET,00-0037240,Jameson Williams,WR,WR,0,0,0,0,61,1,58,1001,7,91,0.0,2.805037443060428,37.617236418510416,40.422273861570844,132.02227386157085,Jameson Williams,WR,4.552036,2.082165,1.892436,0.0,True,False,WR,True,normal_sample,contract_matched,high,18.0,39.0,21.0,28.5,Major bargain
2024,NYG,00-0035710,Daniel Jones,QB,QB,2070,8,7,29,265,2,0,0,0,0,-38.116812343811915,7.979219049462816,0.0,-30.1375932943491,4.562406705650901,,,,,,,False,True,QB,True,normal_sample,missing_contract,low,35.0,41.0,6.0,10.5,Positive value
2024,NYG,00-0035704,Drew Lock,QB,QB,1071,6,5,12,133,2,0,0,0,0,-41.66944681110069,12.075437067076564,0.0,-29.594009744024127,-7.234009744024126,Drew Lock,QB,5.0,5.0,2.95,2.95,True,False,QB,True,normal_sample,contract_matched,high,36.0,28.0,-8.0,35.0,Negative value
2024,NYG,00-0039384,Tyrone Tracy Jr.,RB,RB,0,0,0,0,839,5,38,284,1,53,0.0,-20.713866294837892,-5.869650759108365,-26.583517053946256,57.06648294605375,Tyrone Tracy Jr.,RB,0.866588,1.081352,0.795,,True,False,RB,True,normal_sample,contract_matched,high,35.0,52.0,17.0,8.5,Strong bargain
2024,NYG,00-0035250,Devin Singletary,RB,RB,0,0,0,0,437,4,21,119,0,24,0.0,-11.144816790469909,-11.24154247296974,-22.38635926343965,22.66364073656035,Devin Singletary,RB,3.75,6.25,2.25,2.25,True,False,RB,True,normal_sample,contract_matched,high,50.0,19.0,-31.0,53.0,Major overpay
2024,NYG,00-0039847,Theo Johnson,TE,TE,0,0,0,0,0,0,29,331,1,43,0.0,0.0,4.542643655178836,4.542643655178836,31.342643655178836,Theo Johnson,TE,0.912581,1.536158,0.795,,True,False,TE,True,normal_sample,contract_matched,high,34.0,36.0,2.0,15.0,Fair value
2024,NYG,00-0039337,Malik Nabers,WR,WR,0,0,0,0,2,0,109,1204,7,170,-0.9637323682836723,-0.5598147131386213,45.6944160882511,44.17086900682881,152.72086900682882,Malik Nabers,WR,5.3105,18.857,0.795,0.795,True,False,WR,True,normal_sample,contract_matched,high,8.0,34.0,26.0,21.5,Major bargain
2024,NYG,00-0038117,Wan'Dale Robinson,WR,WR,0,0,0,0,18,0,93,699,3,140,0.0,-2.6811115031596273,-24.23951619052108,-26.920627693680707,41.179372306319294,Wan'Dale Robinson,WR,2.232318,1.449106,1.399106,0.876508,True,False,WR,True,normal_sample,contract_matched,high,85.0,60.0,-25.0,82.5,Major overpay
2024,NYG,00-0035535,Darius Slayton,WR,WR,0,0,0,0,17,0,39,573,2,71,0.0,1.8157835443271324,14.516928752080252,16.332712296407387,61.582712296407394,Darius Slayton,WR,7.95,5.805882,2.5,2.6,True,False,WR,True,normal_sample,contract_matched,high,72.0,23.0,-49.0,93.0,Major overpay
2024,PHI,00-0036389,Jalen Hurts,QB,QB,2903,18,5,38,630,14,0,0,0,0,40.415666969271385,40.74427943167077,0.0,81.15994640094215,200.18994640094215,Jalen Hurts,QB,13.5588,40.0,1.125,1.125,True,False,QB,True,normal_sample,contract_matched,high,7.0,16.0,9.0,8.0,Positive value
2024,PHI,00-0034844,Saquon Barkley,RB,RB,0,0,0,1,2005,13,33,278,2,43,-1.659953220529728,37.258637185807686,12.20253446957541,47.80121843485337,214.95121843485336,Saquon Barkley,RB,3.8,15.0,1.375,1.375,True,False,RB,True,normal_sample,contract_matched,high,2.0,16.5,14.5,12.0,Strong bargain
2024,PHI,00-0034351,Dallas Goedert,TE,TE,0,0,0,0,0,0,42,496,2,52,0.0,0.0,19.366237246305353,19.366237246305353,60.66623724630536,Dallas Goedert,TE,9.131583,14.25,1.125,6.0,True,False,TE,True,normal_sample,contract_matched,high,20.0,7.0,-13.0,29.0,Major overpay
2024,PHI,00-0036912,DeVonta Smith,WR,WR,0,0,0,0,1,0,68,833,8,89,0.0,-0.4743413057876751,56.79894755193605,56.32460624614838,139.02460624614838,DeVonta Smith,WR,8.127381,21.406554,1.055,1.055,True,False,WR,True,normal_sample,contract_matched,high,14.0,22.0,8.0,48.5,Positive value
2024,PHI,00-0035676,A.J. Brown,WR,WR,0,0,0,0,0,0,67,1079,7,97,0.0,0.0,61.81116601604732,61.81116601604732,153.51116601604733,A.J. Brown,WR,11.830894,21.0,1.125,1.125,True,False,WR,True,normal_sample,contract_matched,high,7.0,13.0,6.0,53.0,Positive value
2025,BAL,00-0034796,Lamar Jackson,QB,QB,2549,21,7,36,349,2,0,0,0,0,18.157022170954193,20.60871839112074,0.0,38.76574056207493,106.70574056207494,Lamar Jackson,QB,43.5,42.75,20.25,21.0,True,False,QB,True,normal_sample,contract_matched,high,19.0,4.0,-15.0,33.5,Major overpay
2025,BAL,00-0032764,Derrick Henry,RB,RB,0,0,0,0,1595,16,15,150,0,21,-0.4591185906319879,9.166174270232775,-2.8757528085261583,5.831302871074628,144.83130287107463,Derrick Henry,RB,8.499,14.0,1.255,2.255,True,False,RB,True,normal_sample,contract_matched,high,7.0,7.0,0.0,30.5,Fair value
2025,BAL,00-0038454,Keaton Mitchell,RB,RB,0,0,0,0,341,1,9,63,0,12,0.0,2.6167700245568994,-5.52936580037931,-2.9125957758224104,22.537404224177592,Keaton Mitchell,RB,1.036,1.03,1.03,0.0,True,False,RB,True,normal_sample,contract_matched,high,57.0,51.0,-6.0,40.0,Negative value
2025,BAL,00-0034753,Mark Andrews,TE,TE,0,0,0,0,48,1,48,422,5,70,0.0,6.520739546627738,1.547646746345297,8.068386292973035,61.56838629297304,Mark Andrews,TE,17.83574,19.5,5.404167,4.348611,True,False,TE,True,normal_sample,contract_matched,high,22.0,2.0,-20.0,34.0,Major overpay
2025,BAL,00-0039064,Zay Flowers,WR,WR,0,0,0,0,62,1,86,1211,5,118,0.0,2.4996555442921817,46.3842026584022,48.883858202694384,152.0338582026944,Zay Flowers,WR,3.82812,2.02604,1.58604,2.02604,True,False,WR,True,normal_sample,contract_matched,high,7.0,41.0,34.0,8.0,Major bargain
2025,CLE,00-0040668,Shedeur Sanders,QB,QB,1400,7,10,23,169,1,0,0,0,0,-59.30007444472817,9.783345587217017,0.0,-49.516728857511154,-35.81672885751115,Shedeur Sanders,QB,0.951845,1.28738,0.84,,True,False,QB,True,normal_sample,contract_matched,high,36.0,38.0,2.0,21.5,Fair value
2025,CLE,00-0040162,Dylan Sampson,RB,RB,0,0,0,0,175,0,33,271,2,40,0.0,-16.82264719406053,6.899313659843756,-9.923333534216773,26.626666465783227,Dylan Sampson,RB,1.072641,1.770564,0.84,,True,False,RB,True,normal_sample,contract_matched,high,54.0,50.0,-4.0,36.5,Negative value
2025,CLE,00-0040784,Quinshon Judkins,RB,RB,0,0,0,0,827,7,26,171,0,36,-0.947,-25.102870928501826,-7.291977038432378,-33.3418479669342,44.058152033065795,Quinshon Judkins,RB,2.073112,5.772452,0.84,0.84,True,False,RB,True,normal_sample,contract_matched,high,41.0,29.0,-12.0,49.5,Major overpay
2025,CLE,00-0037267,Jerome Ford,RB,RB,0,0,0,0,73,0,26,103,0,32,0.0,-3.0169608334545046,-5.587545501080998,-8.604506334535502,6.6954936654644985,Jerome Ford,RB,1.830537,1.75,1.75,1.75,True,False,RB,True,normal_sample,contract_matched,high,61.0,34.0,-27.0,57.5,Major overpay
2025,CLE,00-0040663,Harold Fannin Jr.,TE,TE,0,0,0,0,13,1,72,731,6,107,0.0,-1.7708569074748084,1.4001505646189791,-0.37070634285582926,75.82929365714418,Harold Fannin Jr.,TE,1.225979,2.383916,0.84,,True,False,TE,True,normal_sample,contract_matched,high,18.0,34.0,16.0,5.0,Strong bargain
2025,CLE,00-0033885,David Njoku,TE,TE,0,0,0,0,0,0,33,293,4,48,0.0,0.0,-3.614772343487779,-3.614772343487779,31.28522765651222,David Njoku,TE,11.494882,14.955882,1.255,0.0,True,False,TE,True,normal_sample,contract_matched,high,37.0,9.0,-28.0,39.0,Major overpay
2025,CLE,00-0040782,Isaiah Bond,WR,WR,0,0,0,0,29,0,18,338,0,44,0.0,0.8791717182612047,-0.8045055419750637,0.07466617628614092,22.924666176286145,Isaiah Bond,WR,0.857666,0.893,0.84,0.84,True,False,WR,True,normal_sample,contract_matched,high,85.0,87.0,2.0,48.5,Fair value
2025,CLE,00-0036407,Jerry Jeudy,WR,WR,0,0,0,0,5,0,50,602,2,106,0.0,2.7333873165771365,-32.30545349802261,-29.57206618144547,19.27793381855453,Jerry Jeudy,WR,7.975,16.0,1.5,1.5,True,False,WR,True,normal_sample,contract_matched,high,89.0,23.0,-66.0,89.0,Major overpay
2025,DET,00-0033106,Jared Goff,QB,QB,4564,34,8,38,45,0,0,0,0,0,106.46015123964267,-14.424143070451017,0.0,92.03600816919166,182.42600816919168,Jared Goff,QB,32.6,18.0,18.0,18.0,True,False,QB,True,normal_sample,contract_matched,high,6.0,10.0,4.0,16.0,Positive value
2025,DET,00-0039139,Jahmyr Gibbs,RB,RB,0,0,0,0,1223,13,77,616,5,94,0.0,-2.667039391075863,17.75049128225163,15.083451891175766,180.2834518911758,Jahmyr Gibbs,RB,4.866856,2.372286,1.03,2.372286,True,False,RB,True,normal_sample,contract_matched,high,4.0,17.0,13.0,17.5,Strong bargain
2025,DET,00-0035685,David Montgomery,RB,RB,3,1,0,1,716,8,24,192,0,29,-1.7448692192556337,-0.581003202649299,3.129931774982925,0.8040593530779923,77.98405935307798,David Montgomery,RB,8.370833,6.0,5.49,5.49,True,False,RB,True,normal_sample,contract_matched,high,23.0,9.0,-14.0,52.0,Major overpay
2025,DET,00-0039065,Sam LaPorta,TE,TE,0,0,0,0,0,0,40,489,3,49,0.0,0.0,36.4278423127509,36.4278423127509,79.8778423127509,Sam LaPorta,TE,2.581636,1.610546,1.610546,1.610546,True,False,TE,True,normal_sample,contract_matched,high,16.0,28.0,12.0,8.5,Strong bargain
2025,DET,00-0037240,Jameson Williams,WR,WR,0,0,0,0,12,0,65,1117,7,102,0.0,-1.425711963151116,56.1684345240439,54.74272256089279,148.44272256089278,Jameson Williams,WR,7.42181,17.086154,1.636154,2.086154,True,False,WR,True,normal_sample,contract_matched,high,8.0,25.0,17.0,23.5,Strong bargain
2025,DET,00-0036963,Amon-Ra St. Brown,WR,WR,0,0,0,0,9,0,117,1401,11,172,0.0,0.5569902447750792,55.614716241154795,56.171706485929874,188.92170648592986,Amon-Ra St. Brown,WR,13.91,17.41,8.3,8.3,True,False,WR,True,normal_sample,contract_matched,high,4.0,10.0,6.0,40.5,Positive value
2025,NYG,00-0040691,Jaxson Dart,QB,QB,2272,15,5,35,487,9,0,0,0,0,3.4194322537895676,38.1240470729286,0.0,41.54347932671816,126.86347932671816,Jaxson Dart,QB,3.086898,9.827592,0.84,0.84,True,False,QB,True,normal_sample,contract_matched,high,14.0,32.0,18.0,3.0,Strong bargain
2025,NYG,00-0039384,Tyrone Tracy Jr.,RB,RB,0,0,0,0,740,2,36,288,2,48,0.0,-9.786288919902209,0.04056585703304272,-9.745723062869166,62.65427693713083,Tyrone Tracy Jr.,RB,1.031588,0.96,0.96,,True,False,RB,True,normal_sample,contract_matched,high,30.0,54.0,24.0,5.0,Major bargain
2025,NYG,00-0040715,Cam Skattebo,RB,RB,0,0,0,0,410,5,24,207,2,32,0.0,-12.09682665153826,3.3481657442753203,-8.74866090726294,49.101339092737064,Cam Skattebo,RB,0.913816,1.718596,0.84,,True,False,RB,True,normal_sample,contract_matched,high,37.0,57.0,20.0,7.0,Major bargain
2025,NYG,00-0035250,Devin Singletary,RB,RB,0,0,0,0,437,5,18,151,0,19,1.053,-2.765945635852404,2.262966243956207,0.5500206081038028,49.4500206081038,Devin Singletary,RB,6.25,5.0,4.75,3.5,True,False,RB,True,normal_sample,contract_matched,high,35.0,12.0,-23.0,54.0,Major overpay
2025,NYG,00-0039847,Theo Johnson,TE,TE,0,0,0,0,0,0,45,528,5,74,0.0,0.0,8.832371162803263,8.832371162803263,61.48237116280326,Theo Johnson,TE,1.167859,0.96,0.96,,True,False,TE,True,normal_sample,contract_matched,high,23.0,35.0,12.0,8.5,Strong bargain
2025,NYG,00-0038117,Wan'Dale Robinson,WR,WR,0,0,0,0,5,0,92,1014,4,140,0.0,1.9220478277420625,19.46254311013073,21.384590937872794,107.3345909378728,Wan'Dale Robinson,WR,2.604371,1.821159,1.771159,0.0,True,False,WR,True,normal_sample,contract_matched,high,23.0,52.0,29.0,12.0,Major bargain
2025,NYG,00-0035535,Darius Slayton,WR,WR,0,0,0,0,0,0,37,538,1,63,0.0,0.0,18.001405174971303,18.001405174971303,57.1514051749713,Darius Slayton,WR,6.970593,12.91177,3.250005,3.250005,True,False,WR,True,normal_sample,contract_matched,high,59.0,28.0,-31.0,80.0,Major overpay
2025,PHI,00-0036389,Jalen Hurts,QB,QB,3224,25,6,32,421,8,0,0,0,0,34.3144432765787,16.681141701410525,0.0,50.995584977989225,158.28558497798923,Jalen Hurts,QB,21.8698,42.5,1.17,42.0,True,False,QB,True,normal_sample,contract_matched,high,11.0,14.0,3.0,19.0,Positive value
2025,PHI,00-0038555,Tank Bigsby,RB,RB,0,0,0,0,344,2,3,32,0,4,0.0,7.542233336222125,-0.7372515855822712,6.804981750639854,32.35498175063985,Tank Bigsby,RB,1.12414,1.12414,1.190266,,True,False,RB,True,normal_sample,contract_matched,high,52.0,45.0,-7.0,43.0,Negative value
2025,PHI,00-0034844,Saquon Barkley,RB,RB,0,0,0,0,1140,7,37,273,2,50,0.0,-24.096579715675524,-4.971302645470016,-29.06788236114554,77.83211763885447,Saquon Barkley,RB,6.661,16.5,1.17,1.17,True,False,RB,True,normal_sample,contract_matched,high,24.0,10.0,-14.0,52.0,Major overpay
2025,PHI,00-0034351,Dallas Goedert,TE,TE,0,0,0,0,0,0,60,591,11,82,0.0,0.0,36.12277578752909,36.12277578752909,113.67277578752909,Dallas Goedert,TE,10.714463,10.0,1.255,1.255,True,False,TE,True,normal_sample,contract_matched,high,4.0,11.0,7.0,16.5,Positive value
2025,PHI,00-0036912,DeVonta Smith,WR,WR,0,0,0,0,0,0,77,1008,4,113,0.0,0.0,54.36954212163124,54.36954212163124,136.01954212163125,DeVonta Smith,WR,7.52451,12.591,1.17,1.17,True,False,WR,True,normal_sample,contract_matched,high,11.0,24.0,13.0,28.0,Strong bargain
2025,PHI,00-0035676,A.J. Brown,WR,WR,0,0,0,0,0,0,78,1003,7,121,0.0,0.0,33.68347278376969,33.68347278376969,124.3334727837697,A.J. Brown,WR,17.523497,30.0,1.17,1.17,True,False,WR,True,normal_sample,contract_matched,high,15.0,6.0,-9.0,64.5,Negative value
