season,team,position,depth_chart_position,jersey_number,status,full_name,first_name,last_name,birth_date,height,weight,college,gsis_id,espn_id,sportradar_id,yahoo_id,rotowire_id,pff_id,pfr_id,fantasy_data_id,sleeper_id,years_exp,headshot_url,ngs_position,week,game_type,status_description_abbr,football_name,esb_id,gsis_it_id,smart_id,entry_year,rookie_year,draft_club,draft_number
2021,TB,QB,QB,12.0,ACT,Tom Brady,Tom,Brady,1977-08-03,76.0,225.0,Michigan,00-0019596,2330,41c44740-d0f6-44ab-8347-3b5d515e5ecf,5228,1350,698,BradTo00,4314,167,21,"https://static.www.nfl.com/image/private/f_auto,q_auto/league/n7fj5fjblf6pdgjdtphr",QB,20,DIV,A01,Tom,BRA371156,25511,32004252-4137-1156-7ed0-8b9e44948f13,2000,2000.0,NE,199.0
2021,NO,QB,QB,9.0,RET,Drew Brees,Drew,Brees,1979-01-15,72.0,209.0,Purdue,00-0020531,2580,bb5957e6-ce7d-47ab-8036-22191ffc1c44,5479,2178,802,BreeDr00,7242,289,20,"https://static.www.nfl.com/image/private/f_auto,q_auto/league/i20xlpzdmn7xubotijjd",,18,REG,R02,Drew,BRE229498,26250,32004252-4522-9498-de45-55dc89e02748,2001,2001.0,SD,32.0
2021,CHI,OL,T,71.0,ACT,Jason Peters,Jason,Peters,1982-01-22,76.0,328.0,Arkansas,00-0022531,6012,46aab8e6-3ca9-4213-a6cb-87db90786f6b,7122,3874,2148,,8920,412,17,"https://static.www.nfl.com/image/private/f_auto,q_auto/league/ma7bkdymewzelolhydoc",T,18,REG,A01,Jason,PET150539,29550,32005045-5415-0539-96c0-31361312950f,2004,2004.0,,
2021,ARI,P,P,14.0,ACT,Andy Lee,Andy,Lee,1982-08-11,73.0,185.0,Pittsburgh,00-0022824,5713,edaad8e3-62cd-4715-b225-0010ee9825a0,6947,4044,1906,LeexAn20,3100,112,17,"https://static.www.nfl.com/image/private/f_auto,q_auto/league/tlzghdps4wmxukbapq6o",,19,WC,A01,Andy,LEE008195,29141,32004c45-4500-8195-3f84-7c9db88c8928,2004,2004.0,SF,188.0
2021,PIT,QB,QB,7.0,ACT,Ben Roethlisberger,Ben,Roethlisberger,1982-03-02,77.0,240.0,"Miami, O.",00-0022924,5536,ea357add-1a41-4a8b-8f34-bbfade7f4d98,6770,3764,1732,RoetBe00,3807,138,17,"https://static.www.nfl.com/image/private/f_auto,q_auto/league/vziogpnyp9d0xtpiuqhr",QB,19,WC,A01,Ben,ROE750381,28963,3200524f-4575-0381-afea-aa103cf4a1e3,2004,2004.0,PIT,11.0
2021,SF,K,K,9.0,ACT,Robbie Gould,Robbie,Gould,1982-12-06,72.0,190.0,Penn State,00-0023252,9354,abd73d50-ce60-47f1-b37f-2f9a05b0d7b9,7520,4686,2607,,1410,49,16,"https://static.www.nfl.com/image/private/f_auto,q_auto/league/dvi2xjlpi0i3btue4etc",,21,CON,A01,Robbie,GOU258729,30403,3200474f-5525-8729-db48-d9e3a46235a3,2005,2005.0,,
2021,GB,QB,QB,12.0,ACT,Aaron Rodgers,Aaron,Rodgers,1983-12-02,74.0,225.0,California,00-0023459,8439,0ce48193-e2fa-466e-a986-33f751add206,7200,4307,2241,RodgAa00,2593,96,16,"https://static.www.nfl.com/image/private/f_auto,q_auto/league/hh8azxeqpydxofvo0suc",QB,20,DIV,A01,Aaron,ROD339293,29851,3200524f-4433-9293-a3cf-ad7758d03003,2005,2005.0,GB,24.0
2021,LV,OL,G,64.0,RES,Richie Incognito,Richie,Incognito,1983-07-05,75.0,325.0,Nebraska,00-0023516,,,,,,,,,16,"https://static.www.nfl.com/image/private/f_auto,q_auto/league/dp4mjqbrnzbjgymabe0a",,19,WC,R01,Richie,INC474619,29908,3200494e-4347-4619-781a-310957730fe1,2005,2005.0,STL,81.0
2021,CLE,P,P,2.0,ACT,Dustin Colquitt,Dustin,Colquitt,1982-05-06,75.0,210.0,Tennessee,00-0023534,8513,cdf8908a-7092-4054-a49c-a9884211aaa1,7275,4442,2316,ColqDu20,8243,330,16,"https://static.www.nfl.com/image/private/f_auto,q_auto/league/v1aymd6o0vpg73ytxzhu",,18,REG,A01,Dustin,COL759300,29926,3200434f-4c75-9300-56a9-5740a2cedb3f,2005,2005.0,KC,99.0
2021,WAS,QB,QB,14.0,RES,Ryan Fitzpatrick,Ryan,Fitzpatrick,1982-11-24,74.0,228.0,Harvard,00-0023682,8664,0742d2ea-1cf2-49a6-a150-77ba6e034d8c,7426,4385,2467,FitzRy00,8283,333,16,"https://static.www.nfl.com/image/private/f_auto,q_auto/league/pkhhxwplsawnhln9rsun",,18,REG,R01,Ryan,FIT792915,30078,32004649-5479-2915-c998-f50119c2fdd4,2005,2005.0,STL,250.0
2021,ARI,K,K,5.0,ACT,Matt Prater,Matt,Prater,1984-08-10,70.0,201.0,Central Florida,00-0023853,11122,67f5e782-f91c-4536-9818-cf4a0e7e821d,8565,5051,3471,,549,17,15,"https://static.www.nfl.com/image/private/f_auto,q_auto/league/wgkvdhqq950yzf14xnnb",,19,WC,A01,Matt,PRA143616,31446,32005052-4114-3616-ccef-0127103fb075,2006,2006.0,,
2021,LV,OL,T,72.0,RET,Donald Penn,Donald,Penn,1983-04-27,76.0,315.0,Utah State,00-0023894,10062,50bcb5d3-62fb-45ac-b25b-5dffbff0cb0c,8119,5150,3459,,5274,207,15,"https://static.www.nfl.com/image/private/f_auto,q_auto/league/lbarhx9omymxl236etax",,19,WC,R02,Donald,PEN244635,31228,32005045-4e24-4635-4099-3bed2139bf9c,2006,2006.0,,
2021,GB,TE,TE,89.0,ACT,Marcedes Lewis,Marcedes,Lewis,1984-05-19,78.0,267.0,UCLA,00-0024243,9614,9c21e9af-681c-41ef-9b00-fbc9e1668ed1,7777,4891,2973,LewiMa00,3061,111,15,"https://static.www.nfl.com/image/private/f_auto,q_auto/league/waiqrdmxxu0as9vmp93h",TE,20,DIV,A01,Marcedes,LEW492053,30842,32004c45-5749-2053-af92-a96945af706a,2006,2006.0,JAX,28.0
2021,LA,OL,T,77.0,ACT,Andrew Whitworth,Andrew,Whitworth,1981-12-12,79.0,330.0,Louisiana State,00-0024270,,,,,,,,,15,"https://static.www.nfl.com/image/private/f_auto,q_auto/league/jcpd1mheqjofcqoy8bd5",T,22,SB,A01,Andrew,WHI825900,30869,32005748-4982-5900-e93f-eb602e0a7d0b,2006,2006.0,CIN,55.0
2021,BAL,P,P,4.0,ACT,Sam Koch,Sam,Koch,1982-08-13,73.0,222.0,Nebraska,00-0024417,9789,544e4159-3da3-47ad-866c-bf48d7634f25,7952,7073,3148,KochSa20,430,13,15,"https://static.www.nfl.com/image/private/f_auto,q_auto/league/dw34lcf6qit1i1knjhpv",,18,REG,A01,Sam,KOC420430,31018,32004b4f-4342-0430-38c8-f7582cd5f048,2006,2006.0,BAL,203.0
2021,SEA,RB,RB,21.0,DEV,Adrian Peterson,Adrian,Peterson,1985-03-21,73.0,220.0,Oklahoma,00-0025394,10452,ab58c0ac-a747-47e6-9b3c-505e41d2bd3d,8261,5215,3623,PeteAd01,4807,184,14,"https://static.www.nfl.com/image/private/f_auto,q_auto/league/ug2ua3skqc9f6vkbowxc",,18,REG,P02,Adrian,PET260705,32200,32005045-5426-0705-afaf-b095105b31fb,2007,2007.0,MIN,7.0
2021,LA,DB,FS,20.0,ACT,Eric Weddle,Eric,Weddle,1985-01-04,71.0,195.0,Utah,00-0025424,10481,26138e8b-b776-492a-9684-b1c07e51b25c,8291,5370,3653,WeddEr99,7243,290,14,"https://static.www.nfl.com/image/private/f_auto,q_auto/league/lkawujcrkiyelnzqnups",SAFETY,22,SB,P07,Eric,WED290361,32230,32005745-4429-0361-2ae4-59ca6faa52bc,2007,2007.0,SD,37.0
2021,NE,K,K,6.0,ACT,Nick Folk,Nick,Folk,1984-11-05,73.0,222.0,Arizona,00-0025565,10621,b37c621e-1125-4c35-bea0-fcabb1527060,8432,5365,,FolkNi20,11694,650,14,"https://static.www.nfl.com/image/private/f_auto,q_auto/league/un54axlocxr0tu26lfcy",,19,WC,A01,Nick,FOL378021,32371,3200464f-4c37-8021-409f-36e78a589e4b,2007,2007.0,DAL,178.0
2021,GB,K,K,2.0,ACT,Mason Crosby,Mason,Crosby,1984-09-03,73.0,207.0,Colorado,00-0025580,10636,e0856548-6fd5-4f83-9aa0-91f1bf4cbbd8,8447,5363,3809,CrosMa20,1694,59,14,"https://static.www.nfl.com/image/private/f_auto,q_auto/league/uescmbrai0qt442qamzb",,20,DIV,A01,Mason,CRO369933,32386,32004352-4f36-9933-a863-d4bf2cc5772e,2007,2007.0,GB,193.0
2021,CIN,LS,LS,46.0,ACT,Clark Harris,Clark,Harris,1984-07-10,77.0,250.0,Rutgers,00-0025630,10686,d7eec5c7-c401-485e-b0c8-fb0784c07b27,8497,5308,3859,HarrCl20,12330,738,14,"https://static.www.nfl.com/image/private/f_auto,q_auto/league/wieuqziklihqgtfcpxyh",,22,SB,A01,Clark,HAR351770,32436,32004841-5235-1770-ad8b-c366544f217d,2007,2007.0,GB,243.0
2021,TEN,P,P,6.0,ACT,Brett Kern,Brett,Kern,1986-02-17,74.0,214.0,Toledo,00-0025825,11555,9aec0e35-cef7-4093-8de6-49868ca8644b,9070,6315,4580,,10067,497,13,"https://static.www.nfl.com/image/private/f_auto,q_auto/league/eej4bvcoujtxx7giqlwn",,20,DIV,A01,Brett,KER326640,33338,32004b45-5232-6640-3d9d-98cba8c08416,2008,2008.0,,
2021,CAR,LS,LS,44.0,ACT,J.J. Jansen,Jeffrey,Jansen,1986-01-20,74.0,235.0,Notre Dame,00-0026027,,,,,,,,,13,"https://static.www.nfl.com/image/private/f_auto,q_auto/league/ugmw3fc7mdwii0yduihz",,18,REG,A01,J.J.,JAN681650,33557,32004a41-4e68-1650-bdb2-b3ecc68bb736,2008,2008.0,,
2021,HOU,WR,WR,89.0,ACT,Danny Amendola,Daniel,Amendola,1985-11-02,71.0,185.0,Texas Tech,00-0026035,11674,973bfe3c-6d0d-4130-a79c-f860650b1da6,9037,5813,4717,AmenDa00,9906,491,13,"https://static.www.nfl.com/image/private/f_auto,q_auto/league/etz06w7s0ardf49mnayz",SLOT_WR,18,REG,A01,Danny,AME359918,33566,3200414d-4535-9918-e336-c0dd118d7e30,2008,2008.0,,
2021,ATL,QB,QB,2.0,ACT,Matt Ryan,Matthew,Ryan,1985-05-17,76.0,217.0,Boston College,00-0026143,11237,7e648a0b-fdc8-4661-a587-5826f2cac11b,8780,5610,4317,RyanMa00,732,24,13,"https://static.www.nfl.com/image/private/f_auto,q_auto/league/q4u0bidfo1oi2tfirlc8",QB,18,REG,A01,Matt,RYA238179,33084,32005259-4123-8179-1aae-5603693aba86,2008,2008.0,ATL,3.0
2021,NYJ,QB,QB,19.0,ACT,Joe Flacco,Joseph,Flacco,1985-01-16,78.0,245.0,Delaware,00-0026158,11252,64797df2-efd3-4b27-86ee-1d48f7edb09f,8795,5648,4332,FlacJo00,611,19,13,"https://static.www.nfl.com/image/private/f_auto,q_auto/league/kygd4zisxpt6uwztrxhk",,18,REG,A01,Joe,FLA009602,33099,3200464c-4100-9602-96e8-665718e215c0,2008,2008.0,BAL,18.0
2021,SEA,OL,T,76.0,ACT,Duane Brown,Duane,Brown,1985-08-30,76.0,315.0,Virginia Tech,00-0026166,,,,,,,,,13,"https://static.www.nfl.com/image/private/f_auto,q_auto/league/nbdzjjexh908hpuqcnjj",T,18,REG,A01,Duane,BRO408217,33107,32004252-4f40-8217-b6d5-7b42b3df2aa2,2008,2008.0,HOU,26.0
2021,LV,WR,WR,1.0,ACT,DeSean Jackson,DeSean,Jackson,1986-12-01,70.0,175.0,California,00-0026189,11283,3e618eb6-41f2-4f20-ad70-2460f9366f43,8826,5581,4363,JackDe00,3943,147,13,"https://static.www.nfl.com/image/private/f_auto,q_auto/league/pr5m864fqvnoozihylrh",WR,19,WC,A01,DeSean,JAC127681,33130,32004a41-4312-7681-93f9-b06ab3ee3184,2008,2008.0,PHI,49.0
2021,BAL,DL,DE,93.0,ACT,Calais Campbell,Calais,Campbell,1986-09-01,80.0,300.0,Miami,00-0026190,11284,0333b8f0-3aab-45aa-a684-6d402a309413,8827,5587,4364,CampCa99,3341,125,13,"https://static.www.nfl.com/image/private/f_auto,q_auto/league/jzrxkjnu1o5ykzrjelrp",INTERIOR_LINE,18,REG,A01,Calais,CAM208843,33131,32004341-4d20-8843-b05a-24f8ec79f300,2008,2008.0,ARI,50.0
2021,KC,QB,QB,4.0,ACT,Chad Henne,Chad,Henne,1985-07-02,75.0,222.0,Michigan,00-0026197,11291,f55053e4-4bfd-495d-981a-d62e3662f01b,8834,5685,4371,HennCh01,2405,89,13,"https://static.www.nfl.com/image/private/f_auto,q_auto/league/tdf5tpwxekg03cujr5q5",,21,CON,A01,Chad,HEN507580,33138,32004845-4e50-7580-e49c-f07a94f3aec4,2008,2008.0,MIA,57.0
2021,NE,WR,WR,18.0,ACT,Matt Slater,Matthew,Slater,1985-09-09,72.0,205.0,UCLA,00-0026293,11387,9d404288-65c5-414f-8ea5-ceb97eccaea0,8930,5786,4467,SlatMa00,7651,312,13,"https://static.www.nfl.com/image/private/f_auto,q_auto/league/a3pqbxwndplogwoy1bgb",,19,WC,A01,Matt,SLA420538,33234,3200534c-4142-0538-6b7d-15160d047894,2008,2008.0,NE,153.0
2021,BAL,QB,QB,15.0,ACT,Josh Johnson,Joshua,Johnson,1986-05-15,74.0,219.0,San Diego,00-0026300,11394,73e133bf-d3f7-4fda-bd25-2fde66cb8ee1,8937,5653,4474,JohnJo05,6489,260,13,"https://static.www.nfl.com/image/private/f_auto,q_auto/league/muipdy8m4jzoshkdsu75",,18,REG,A01,Josh,JOH000001,33241,32004a4f-4800-0001-966a-b4f304503fea,2008,2008.0,TB,160.0
2021,LA,QB,QB,9.0,ACT,Matthew Stafford,John,Stafford,1988-02-07,75.0,220.0,Georgia,00-0026498,12483,ade43b1a-0601-4672-83b6-d246bc066a19,9265,5971,4924,StafMa00,9038,421,12,"https://static.www.nfl.com/image/private/f_auto,q_auto/league/pxll35kun2cq2aeluaav",QB,22,SB,A01,Matthew,STA134157,34452,32005354-4113-4157-19b1-37e6835d09b9,2009,2009.0,DET,1.0
2021,MIN,P,P,2.0,CUT,Britton Colquitt,Britton,Colquitt,1985-03-20,75.0,210.0,Tennessee,00-0026516,12773,26164d5b-1e27-445d-8684-67b80e576567,9769,7192,5192,,8679,385,12,"https://static.www.nfl.com/image/private/f_auto,q_auto/league/daujufaxsde6k6yj2ph1",,1,REG,A01,Britton,COL753921,34723,3200434f-4c75-3921-1360-4731a15a4db8,2009,2009.0,,
2021,LAC,QB,QB,4.0,ACT,Chase Daniel,William,Daniel,1986-10-07,72.0,229.0,Missouri,00-0026544,12471,0045a36c-f464-49e0-a25a-9210edc94bc1,9678,6162,5214,,9902,490,12,"https://static.www.nfl.com/image/private/f_auto,q_auto/league/ipenmeg3nebxyedpxvkz",,18,REG,A01,Chase,DAN230354,34754,32004441-4e23-0354-f686-46d36ead5645,2009,2009.0,,
2021,TB,DL,NT,96.0,ACT,Steve McLendon,Stephen,McLendon,1986-01-03,75.0,310.0,Troy,00-0026564,12895,cee49408-2e91-487a-a8ec-d3314ebf539d,9673,7168,5232,,11767,667,12,"https://static.www.nfl.com/image/private/f_auto,q_auto/league/bt0l6ltdi7h2dtahm3xh",INTERIOR_LINE,20,DIV,A01,Steve,MCL589496,34777,32004d43-4c58-9496-173d-63622d601895,2009,2009.0,,
2021,NE,QB,QB,5.0,ACT,Brian Hoyer,Brian,Hoyer,1985-10-13,74.0,215.0,Michigan State,00-0026625,12477,af4ba620-2f00-4b00-9111-7897f2b1cde8,9547,6140,5277,,8358,345,12,"https://static.www.nfl.com/image/private/f_auto,q_auto/league/qfawmzukujsqmuwlpkjy",,19,WC,A01,Brian,HOY440791,34843,3200484f-5944-0791-71d1-a8236e0d6f80,2009,2009.0,,
2021,TB,LS,LS,89.0,DEV,Garrison Sanborn,Garrison,Sanborn,1985-07-31,73.0,240.0,Florida State,00-0026844,,,,,,,,,12,"https://static.www.nfl.com/image/private/f_auto,q_auto/league/hf5lgpcdcidclrjmppfy",,14,REG,P07,Garrison,SAN042512,35072,32005341-4e04-2512-f951-78befecb91c6,2009,2009.0,,
2021,NYG,K,K,5.0,ACT,Graham Gano,Graham,Gano,1987-04-09,74.0,202.0,Florida State,00-0026858,12460,63f8a401-f308-4463-9d0b-4335b98da682,9526,6045,5443,,10333,503,12,"https://static.www.nfl.com/image/private/f_auto,q_auto/league/kibotlfb4ipuxdirxzp0",,18,REG,A01,Graham,GAN308500,35102,32004741-4e30-8500-b62f-cb2bc1d26244,2009,2009.0,,
2021,TB,K,K,3.0,ACT,Ryan Succop,Ryan,Succop,1986-09-19,74.0,218.0,South Carolina,00-0026968,12731,ecc4f0c1-64e0-46cc-9b58-91c2b215e62a,9520,6150,5180,SuccRy44,8750,391,12,"https://static.www.nfl.com/image/private/f_auto,q_auto/league/utrcyt36k46mps8lgs7c",,20,DIV,A01,Ryan,SUC073828,34707,32005355-4307-3828-6982-7ecebf5df339,2009,2009.0,KC,256.0
2021,BAL,OL,T,76.0,CUT,Andre Smith,Andre,Smith,1987-01-25,76.0,330.0,Alabama,00-0026982,,,,,,,,,12,"https://static.www.nfl.com/image/private/f_auto,q_auto/league/dg8hzv2uomztyyaddgnn",,9,REG,P07,Andre,SMI038279,34457,3200534d-4903-8279-6b03-fd7b13c7173d,2009,2009.0,CIN,6.0
2021,NO,DB,SS,27.0,ACT,Malcolm Jenkins,Malcolm,Jenkins,1987-12-20,72.0,204.0,Ohio State,00-0026990,12426,0a4c5237-08a4-41d5-873d-18f70c025149,9278,6086,4937,JenkMa99,9196,444,12,"https://static.www.nfl.com/image/private/f_auto,q_auto/league/mbjf9xp0ilh4vbbwyzwi",SAFETY,18,REG,A01,Malcolm,JEN372222,34465,32004a45-4e37-2222-54a5-49c78979aed5,2009,2009.0,NO,14.0
2021,SF,OL,C,50.0,ACT,Alex Mack,Alex,Mack,1985-11-19,76.0,311.0,California,00-0026997,,,,,,,,,12,"https://static.www.nfl.com/image/private/f_auto,q_auto/league/ebzxqyz5e7h7wrszr5vn",C,21,CON,A01,Alex,MAC273212,34472,32004d41-4327-3212-1e14-4e6c9383176b,2009,2009.0,CLE,21.0
2021,NE,DB,SS,23.0,RET,Patrick Chung,Patrick,Chung,1987-08-19,71.0,215.0,Oregon,00-0027010,12527,64e89f8b-3e8f-4e07-bb73-c48f2a1dd8e2,9298,6095,4957,ChunPa99,8353,343,12,"https://static.www.nfl.com/image/private/f_auto,q_auto/league/a47ekoy2j1fb1jd3qqo4",,19,WC,R02,Patrick,CHU126772,34485,32004348-5512-6772-6a67-78cc38f9fd9d,2009,2009.0,NE,34.0
2021,LAC,TE,TE,87.0,ACT,Jared Cook,Jared,Cook,1987-04-07,77.0,254.0,South Carolina,00-0027061,12537,3b7a1409-d154-4e5c-8c94-9d4a0e0993c7,9353,5981,5012,CookJa02,8534,367,12,"https://static.www.nfl.com/image/private/f_auto,q_auto/league/cthoenebptadlu4g928v",SLOT_WR,18,REG,A01,Jared,COO152641,34540,3200434f-4f15-2641-bb32-32c02af1d6b5,2009,2009.0,TEN,89.0
2021,CIN,P,P,10.0,ACT,Kevin Huber,Kevin,Huber,1985-07-16,73.0,211.0,Cincinnati,00-0027103,12669,d14302ef-0224-4c92-961a-6d10452936ff,9406,7087,5066,HubeKe20,8433,353,12,"https://static.www.nfl.com/image/private/f_auto,q_auto/league/olhw14pjioguxn8fgxvd",,22,SB,A01,Kevin,HUB689771,34593,32004855-4268-9771-ea36-7d1952b010f7,2009,2009.0,CIN,142.0
2021,ATL,P,P,19.0,ACT,Thomas Morstead,Thomas,Morstead,1986-03-08,76.0,235.0,Southern Methodist,00-0027114,12701,e5371625-0c83-4f1f-9252-c7e0b6bc616e,9428,6301,5088,MorsTh00,9201,445,12,"https://static.www.nfl.com/image/private/f_auto,q_auto/league/zid4pdkeagcqz9z6cblm",,18,REG,A01,Thomas,MOR758512,34615,32004d4f-5275-8512-839f-313ab30fb191,2009,2009.0,NO,164.0
2021,MIA,DB,FS,30.0,RES,Jason McCourty,Jason,McCourty,1987-08-13,71.0,195.0,Rutgers,00-0027136,12691,7c73efae-bf01-4226-a2f8-ec6243da9b99,9467,6221,5127,McCoJa99,8550,368,12,"https://static.www.nfl.com/image/private/f_auto,q_auto/league/myk5ccdezt1lhjc8szbm",,18,REG,R01,Jason,MCC600480,34654,32004d43-4360-0480-1be9-f1c35ef61ff0,2009,2009.0,TEN,203.0
2021,LAC,LS,LS,54.0,ACT,Matt Overton,Matthew,Overton,1985-07-06,73.0,243.0,Western Washington,00-0027187,13186,77c36756-9d3a-4746-bba1-8ff32542cf74,9803,8517,6979,,14010,1112,11,"https://static.www.nfl.com/image/private/f_auto,q_auto/league/yeulo5dieb6um5zajehr",,18,REG,A01,Matt,OVE674964,35330,32004f56-4567-4964-cc37-416430c8e96d,2010,2010.0,,
2021,HOU,LS,LS,46.0,ACT,Jonathan Weeks,Jonathan,Weeks,1986-02-17,70.0,242.0,Baylor,00-0027224,,,,,,,,,11,"https://static.www.nfl.com/image/private/f_auto,q_auto/league/l1ryam8nm1o7kiqokvn9",,18,REG,A01,Jonathan,WEE504348,35731,32005745-4550-4348-e7fc-6621be523408,2010,2010.0,,
2021,BAL,DB,SS,41.0,ACT,Anthony Levine,Anthony,Levine,1987-03-27,71.0,207.0,Tennessee State,00-0027539,13845,04e8ea8f-8424-4196-a0fd-7dff3740c734,24677,7013,6013,,14767,1298,11,"https://static.www.nfl.com/image/private/f_auto,q_auto/league/gew5y4jtrh2jd7guowwk",,18,REG,A01,Anthony,LEV588156,36060,32004c45-5658-8156-a32d-7fbb1c1a107a,2010,2010.0,,
